5.101.96.0/21,NL,NL-NH,Amsterdam,1105 AT
5.101.104.0/22,NL,NL-NH,Amsterdam,1105 AT
5.101.110.152/29,NL,NL-NH,Amsterdam,1098 XH
37.139.0.0/24,NL,NL-NH,Amsterdam,1105 AT
37.139.1.0/24,NL,NL-NH,Amsterdam,1105 AT
37.139.2.0/24,NL,NL-NH,Amsterdam,1105 AT
37.139.3.0/24,NL,NL-NH,Amsterdam,1105 AT
37.139.4.0/24,NL,NL-NH,Amsterdam,1105 AT
37.139.5.0/24,NL,NL-NH,Amsterdam,1105 AT
37.139.6.0/24,NL,NL-NH,Amsterdam,1105 AT
37.139.7.0/24,NL,NL-NH,Amsterdam,1105 AT
37.139.8.0/24,NL,NL-NH,Amsterdam,1105 AT
37.139.9.0/24,NL,NL-NH,Amsterdam,1105 AT
37.139.10.0/24,NL,NL-NH,Amsterdam,1105 AT
37.139.11.0/24,NL,NL-NH,Amsterdam,1105 AT
37.139.12.0/24,NL,NL-NH,Amsterdam,1105 AT
37.139.13.0/24,NL,NL-NH,Amsterdam,1105 AT
37.139.14.0/24,NL,NL-NH,Amsterdam,1105 AT
37.139.15.0/24,NL,NL-NH,Amsterdam,1105 AT
37.139.16.0/24,NL,NL-NH,Amsterdam,1105 AT
37.139.17.0/24,NL,NL-NH,Amsterdam,1105 AT
37.139.18.0/24,NL,NL-NH,Amsterdam,1105 AT
37.139.19.0/24,NL,NL-NH,Amsterdam,1105 AT
37.139.20.0/24,NL,NL-NH,Amsterdam,1105 AT
37.139.21.0/24,NL,NL-NH,Amsterdam,1105 AT
37.139.22.0/24,NL,NL-NH,Amsterdam,1105 AT
37.139.23.0/24,NL,NL-NH,Amsterdam,1105 AT
37.139.24.0/24,NL,NL-NH,Amsterdam,1105 AT
37.139.25.0/24,NL,NL-NH,Amsterdam,1105 AT
37.139.26.0/24,NL,NL-NH,Amsterdam,1105 AT
37.139.27.0/24,NL,NL-NH,Amsterdam,1105 AT
37.139.28.0/24,NL,NL-NH,Amsterdam,1105 AT
37.139.29.0/24,NL,NL-NH,Amsterdam,1105 AT
37.139.30.0/24,NL,NL-NH,Amsterdam,1105 AT
37.139.31.0/24,NL,NL-NH,Amsterdam,1105 AT
45.55.0.0/19,US,US-SF,San Francisco,94124
45.55.32.0/19,US,US-NJ,Clifton,07014
45.55.64.0/19,US,US-NJ,Clifton,07014
45.55.96.0/22,US,US-NJ,Clifton,07014
45.55.100.0/22,US,US-NY,New York,10011
45.55.104.0/22,US,US-NJ,North Bergen,07047
45.55.108.0/22,US,US-SF,San Francisco,94124
45.55.112.0/22,US,US-SF,San Francisco,94124
45.55.116.0/22,US,US-NY,New York,10011
45.55.120.0/22,US,US-NJ,Clifton,07014
45.55.124.0/22,US,US-NJ,Clifton,07014
45.55.128.0/18,US,US-NJ,Clifton,07014
45.55.192.0/18,US,US-NJ,Clifton,07014
46.101.0.0/18,GB,GB-SLG,London,SL1 4AX
46.101.64.0/22,GB,GB-SLG,London,SL1 4AX
46.101.68.0/22,DE,DE-HE,Frankfurt,60341
46.101.72.0/21,GB,GB-SLG,London,SL1 4AX
46.101.80.0/20,GB,GB-SLG,London,SL1 4AX
46.101.96.0/20,DE,DE-HE,Frankfurt,60341
46.101.112.0/20,DE,DE-HE,Frankfurt,60341
46.101.128.0/18,DE,DE-HE,Frankfurt,60341
46.101.192.0/18,DE,DE-HE,Frankfurt,60341
64.225.0.0/20,US,US-NJ,Clifton,07014
64.225.16.0/20,US,US-NJ,Clifton,07014
64.225.32.0/20,US,US-CA,Santa Clara,95051
64.225.48.0/20,US,US-NJ,Clifton,07014
64.225.64.0/20,NL,NL-NH,Amsterdam,1098 XH
64.225.80.0/22,NL,NL-NH,Amsterdam,1098 XH
64.225.84.0/22,IN,IN-KA,Bangalore,560100
64.225.88.0/22,US,US-CA,Santa Clara,95054
64.225.92.0/22,DE,DE-HE,Frankfurt,60341
64.225.96.0/20,DE,DE-HE,Frankfurt,60341
64.225.112.0/20,US,US-CA,Santa Clara,95051
64.227.0.0/20,US,US-NJ,North Bergen,07047
64.227.16.0/20,US,US-NJ,North Bergen,07047
64.227.32.0/20,GB,GB-SLG,London,SL1 4AX
64.227.48.0/20,US,US-CA,Santa Clara,95051
64.227.64.0/20,NL,NL-NH,Amsterdam,1098 XH
64.227.80.0/20,US,US-CA,Santa Clara,95051
64.227.96.0/20,US,US-CA,Santa Clara,95054
64.227.112.0/20,DE,DE-HE,Frankfurt,60341
67.205.128.0/20,US,US-NJ,North Bergen,07047
67.205.144.0/20,US,US-NJ,North Bergen,07047
67.205.160.0/20,US,US-NJ,North Bergen,07047
67.205.176.0/20,US,US-NJ,North Bergen,07047
67.207.68.0/22,GB,GB-SLG,London,SL1 4AX
67.207.72.0/22,DE,DE-HE,Frankfurt,60341
67.207.76.0/22,DE,DE-HE,Frankfurt,60341
67.207.80.0/20,US,US-NJ,North Bergen,07047
68.183.0.0/20,NL,NL-NH,Amsterdam,1098 XH
68.183.16.0/20,US,US-NJ,North Bergen,07047
68.183.32.0/20,GB,GB-SLG,London,SL1 4AX
68.183.48.0/20,US,US-NJ,Clifton,07014
68.183.64.0/20,DE,DE-HE,Frankfurt,60341
68.183.80.0/20,IN,IN-KA,Bangalore,560100
68.183.96.0/20,US,US-NJ,North Bergen,07047
68.183.112.0/20,US,US-NJ,North Bergen,07047
68.183.128.0/20,US,US-NJ,North Bergen,07047
68.183.144.0/20,US,US-NJ,Clifton,07014
68.183.160.0/20,US,US-CA,Santa Clara,95051
68.183.176.0/20,SG,SG-05,Singapore,627753
68.183.192.0/20,CA,CA-ON,Toronto,M5A 0B2
68.183.208.0/20,DE,DE-HE,Frankfurt,60341
68.183.224.0/20,SG,SG-05,Singapore,627753
68.183.240.0/22,DE,DE-HE,Frankfurt,60341
68.183.244.0/22,IN,IN-KA,Bangalore,560100
68.183.248.0/22,US,US-CA,Santa Clara,95051
68.183.252.0/22,GB,GB-SLG,London,SL1 4AX
69.55.49.0/24,US,US-NJ,North Bergen,07047
69.55.54.0/24,US,US-NJ,North Bergen,07047
69.55.55.0/24,US,US-NJ,North Bergen,07047
69.55.59.64/26,US,US-NJ,North Bergen,07047
69.55.59.128/26,US,US-NJ,North Bergen,07047
69.55.59.192/27,US,US-NJ,North Bergen,07047
69.55.60.96/27,US,US-NJ,North Bergen,07047
69.55.60.128/26,US,US-NJ,North Bergen,07047
69.55.61.64/26,US,US-NJ,North Bergen,07047
69.55.62.0/26,US,US-NJ,North Bergen,07047
80.240.128.0/20,NL,NL-NH,Amsterdam,1105 AT
82.196.0.0/24,NL,NL-NH,Amsterdam,1105 AT
82.196.1.0/24,NL,NL-NH,Amsterdam,1105 AT
82.196.2.0/24,NL,NL-NH,Amsterdam,1105 AT
82.196.3.0/24,NL,NL-NH,Amsterdam,1105 AT
82.196.4.0/24,NL,NL-NH,Amsterdam,1105 AT
82.196.5.0/24,NL,NL-NH,Amsterdam,1105 AT
82.196.6.0/24,NL,NL-NH,Amsterdam,1105 AT
82.196.7.0/24,NL,NL-NH,Amsterdam,1105 AT
82.196.8.0/24,NL,NL-NH,Amsterdam,1105 AT
82.196.9.0/24,NL,NL-NH,Amsterdam,1105 AT
82.196.10.0/24,NL,NL-NH,Amsterdam,1105 AT
82.196.11.0/24,NL,NL-NH,Amsterdam,1105 AT
82.196.12.0/24,NL,NL-NH,Amsterdam,1105 AT
82.196.13.0/24,NL,NL-NH,Amsterdam,1105 AT
82.196.14.0/24,NL,NL-NH,Amsterdam,1105 AT
82.196.15.0/24,NL,NL-NH,Amsterdam,1105 AT
95.85.1.0/24,NL,NL-NH,Amsterdam,1105 AT
95.85.2.0/24,NL,NL-NH,Amsterdam,1105 AT
95.85.3.0/24,NL,NL-NH,Amsterdam,1105 AT
95.85.4.0/24,NL,NL-NH,Amsterdam,1105 AT
95.85.5.0/24,NL,NL-NH,Amsterdam,1105 AT
95.85.6.0/24,NL,NL-NH,Amsterdam,1105 AT
95.85.7.0/24,NL,NL-NH,Amsterdam,1105 AT
95.85.8.0/24,NL,NL-NH,Amsterdam,1105 AT
95.85.9.0/24,NL,NL-NH,Amsterdam,1105 AT
95.85.10.0/24,NL,NL-NH,Amsterdam,1105 AT
95.85.11.0/24,NL,NL-NH,Amsterdam,1105 AT
95.85.12.0/24,NL,NL-NH,Amsterdam,1105 AT
95.85.13.0/24,NL,NL-NH,Amsterdam,1105 AT
95.85.14.0/24,NL,NL-NH,Amsterdam,1105 AT
95.85.15.0/24,NL,NL-NH,Amsterdam,1105 AT
95.85.16.0/24,NL,NL-NH,Amsterdam,1105 AT
95.85.17.0/24,NL,NL-NH,Amsterdam,1105 AT
95.85.18.0/24,NL,NL-NH,Amsterdam,1105 AT
95.85.19.0/24,NL,NL-NH,Amsterdam,1105 AT
95.85.20.0/24,NL,NL-NH,Amsterdam,1105 AT
95.85.21.0/24,NL,NL-NH,Amsterdam,1105 AT
95.85.22.0/24,NL,NL-NH,Amsterdam,1105 AT
95.85.23.0/24,NL,NL-NH,Amsterdam,1105 AT
95.85.24.0/24,NL,NL-NH,Amsterdam,1105 AT
95.85.25.0/24,NL,NL-NH,Amsterdam,1105 AT
95.85.26.0/24,NL,NL-NH,Amsterdam,1105 AT
95.85.27.0/24,NL,NL-NH,Amsterdam,1105 AT
95.85.28.0/24,NL,NL-NH,Amsterdam,1105 AT
95.85.29.0/24,NL,NL-NH,Amsterdam,1105 AT
95.85.30.0/24,NL,NL-NH,Amsterdam,1105 AT
95.85.31.0/24,NL,NL-NH,Amsterdam,1105 AT
95.85.32.0/24,NL,NL-NH,Amsterdam,1105 AT
95.85.33.0/24,NL,NL-NH,Amsterdam,1105 AT
95.85.34.0/24,NL,NL-NH,Amsterdam,1105 AT
95.85.35.0/24,NL,NL-NH,Amsterdam,1105 AT
95.85.36.0/24,NL,NL-NH,Amsterdam,1105 AT
95.85.37.0/24,NL,NL-NH,Amsterdam,1105 AT
95.85.38.0/24,NL,NL-NH,Amsterdam,1105 AT
95.85.39.0/24,NL,NL-NH,Amsterdam,1105 AT
95.85.40.0/24,NL,NL-NH,Amsterdam,1105 AT
95.85.41.0/24,NL,NL-NH,Amsterdam,1105 AT
95.85.42.0/24,NL,NL-NH,Amsterdam,1105 AT
95.85.43.0/24,NL,NL-NH,Amsterdam,1105 AT
95.85.44.0/24,NL,NL-NH,Amsterdam,1105 AT
95.85.45.0/24,NL,NL-NH,Amsterdam,1105 AT
95.85.46.0/24,NL,NL-NH,Amsterdam,1105 AT
95.85.47.0/24,NL,NL-NH,Amsterdam,1105 AT
95.85.48.0/24,NL,NL-NH,Amsterdam,1105 AT
95.85.49.0/24,NL,NL-NH,Amsterdam,1105 AT
95.85.50.0/24,NL,NL-NH,Amsterdam,1105 AT
95.85.51.0/24,NL,NL-NH,Amsterdam,1105 AT
95.85.52.0/24,NL,NL-NH,Amsterdam,1105 AT
95.85.53.0/24,NL,NL-NH,Amsterdam,1105 AT
95.85.54.0/24,NL,NL-NH,Amsterdam,1105 AT
95.85.55.0/24,NL,NL-NH,Amsterdam,1105 AT
95.85.56.0/24,NL,NL-NH,Amsterdam,1105 AT
95.85.57.0/24,NL,NL-NH,Amsterdam,1105 AT
95.85.58.0/24,NL,NL-NH,Amsterdam,1105 AT
95.85.59.0/24,NL,NL-NH,Amsterdam,1105 AT
95.85.60.0/24,NL,NL-NH,Amsterdam,1105 AT
95.85.61.0/24,NL,NL-NH,Amsterdam,1105 AT
95.85.62.0/24,NL,NL-NH,Amsterdam,1105 AT
95.85.63.0/24,NL,NL-NH,Amsterdam,1105 AT
103.253.145.0/24,SG,SG-05,Singapore,627753
103.253.146.0/24,SG,SG-05,Singapore,627753
103.253.147.0/24,SG,SG-05,Singapore,627753
104.131.0.0/18,US,US-NJ,Clifton,07014
104.131.64.0/18,US,US-NJ,Clifton,07014
104.131.128.0/20,US,US-SF,San Francisco,94124
104.131.144.0/20,US,US-SF,San Francisco,94124
104.131.160.0/20,US,US-NJ,Clifton,07014
104.131.176.0/20,US,US-NJ,Clifton,07014
104.131.192.0/19,US,US-NY,New York,10011
104.131.224.0/19,US,US-NY,New York,10011
104.236.0.0/18,US,US-NJ,Clifton,07014
104.236.64.0/18,US,US-NJ,Clifton,07014
104.236.128.0/18,US,US-SF,San Francisco,94124
104.236.192.0/18,US,US-NJ,Clifton,07014
104.248.0.0/20,US,US-NJ,Clifton,07014
104.248.16.0/20,DE,DE-HE,Frankfurt,60341
104.248.32.0/20,DE,DE-HE,Frankfurt,60341
104.248.48.0/20,US,US-NJ,North Bergen,07047
104.248.64.0/20,US,US-CA,Santa Clara,95051
104.248.80.0/20,NL,NL-NH,Amsterdam,1098 XH
104.248.96.0/22,SG,SG-05,Singapore,627753
104.248.100.0/22,DE,DE-HE,Frankfurt,60341
104.248.104.0/22,CA,CA-ON,Toronto,M5A 0B2
104.248.108.0/22,US,US-NJ,North Bergen,07047
104.248.112.0/20,US,US-NJ,North Bergen,07047
104.248.128.0/20,DE,DE-HE,Frankfurt,60341
104.248.144.0/20,SG,SG-05,Singapore,627753
104.248.160.0/20,GB,GB-SLG,London,SL1 4AX
104.248.176.0/20,US,US-CA,Santa Clara,95051
104.248.192.0/20,NL,NL-NH,Amsterdam,1098 XH
104.248.208.0/20,US,US-CA,Santa Clara,95051
104.248.224.0/20,US,US-NJ,North Bergen,07047
104.248.240.0/20,DE,DE-HE,Frankfurt,60341
107.170.0.0/24,US,US-NY,New York,10011
107.170.1.0/24,US,US-NY,New York,10011
107.170.2.0/24,US,US-NY,New York,10011
107.170.3.0/24,US,US-NY,New York,10011
107.170.4.0/24,US,US-NY,New York,10011
107.170.5.0/24,US,US-NY,New York,10011
107.170.6.0/24,US,US-NY,New York,10011
107.170.7.0/24,US,US-NY,New York,10011
107.170.8.0/24,US,US-NY,New York,10011
107.170.9.0/24,US,US-NY,New York,10011
107.170.10.0/24,US,US-NY,New York,10011
107.170.11.0/24,US,US-NY,New York,10011
107.170.12.0/24,US,US-NY,New York,10011
107.170.13.0/24,US,US-NY,New York,10011
107.170.14.0/24,US,US-NY,New York,10011
107.170.15.0/24,US,US-NY,New York,10011
107.170.16.0/24,US,US-NY,New York,10011
107.170.17.0/24,US,US-NY,New York,10011
107.170.18.0/24,US,US-NY,New York,10011
107.170.19.0/24,US,US-NY,New York,10011
107.170.20.0/24,US,US-NY,New York,10011
107.170.21.0/24,US,US-NY,New York,10011
107.170.22.0/24,US,US-NY,New York,10011
107.170.23.0/24,US,US-NY,New York,10011
107.170.24.0/24,US,US-NY,New York,10011
107.170.25.0/24,US,US-NY,New York,10011
107.170.26.0/24,US,US-NY,New York,10011
107.170.27.0/24,US,US-NY,New York,10011
107.170.28.0/24,US,US-NY,New York,10011
107.170.29.0/24,US,US-NY,New York,10011
107.170.30.0/24,US,US-NY,New York,10011
107.170.31.0/24,US,US-NY,New York,10011
107.170.32.0/24,US,US-NY,New York,10011
107.170.33.0/24,US,US-NY,New York,10011
107.170.34.0/24,US,US-NY,New York,10011
107.170.35.0/24,US,US-NY,New York,10011
107.170.36.0/24,US,US-NY,New York,10011
107.170.37.0/24,US,US-NY,New York,10011
107.170.38.0/24,US,US-NY,New York,10011
107.170.39.0/24,US,US-NY,New York,10011
107.170.40.0/24,US,US-NY,New York,10011
107.170.41.0/24,US,US-NY,New York,10011
107.170.42.0/24,US,US-NY,New York,10011
107.170.43.0/24,US,US-NY,New York,10011
107.170.44.0/24,US,US-NY,New York,10011
107.170.45.0/24,US,US-NY,New York,10011
107.170.46.0/24,US,US-NY,New York,10011
107.170.47.0/24,US,US-NY,New York,10011
107.170.48.0/24,US,US-NY,New York,10011
107.170.49.0/24,US,US-NY,New York,10011
107.170.50.0/24,US,US-NY,New York,10011
107.170.51.0/24,US,US-NY,New York,10011
107.170.52.0/24,US,US-NY,New York,10011
107.170.53.0/24,US,US-NY,New York,10011
107.170.54.0/24,US,US-NY,New York,10011
107.170.55.0/24,US,US-NY,New York,10011
107.170.56.0/24,US,US-NY,New York,10011
107.170.57.0/24,US,US-NY,New York,10011
107.170.58.0/24,US,US-NY,New York,10011
107.170.59.0/24,US,US-NY,New York,10011
107.170.60.0/24,US,US-NY,New York,10011
107.170.61.0/24,US,US-NY,New York,10011
107.170.62.0/24,US,US-NY,New York,10011
107.170.63.0/24,US,US-NY,New York,10011
107.170.64.0/24,US,US-NY,New York,10011
107.170.65.0/24,US,US-NY,New York,10011
107.170.66.0/24,US,US-NY,New York,10011
107.170.67.0/24,US,US-NY,New York,10011
107.170.68.0/24,US,US-NY,New York,10011
107.170.69.0/24,US,US-NY,New York,10011
107.170.70.0/24,US,US-NY,New York,10011
107.170.71.0/24,US,US-NY,New York,10011
107.170.72.0/24,US,US-NY,New York,10011
107.170.73.0/24,US,US-NY,New York,10011
107.170.74.0/24,US,US-NY,New York,10011
107.170.75.0/24,US,US-NY,New York,10011
107.170.76.0/24,US,US-NY,New York,10011
107.170.77.0/24,US,US-NY,New York,10011
107.170.78.0/24,US,US-NY,New York,10011
107.170.79.0/24,US,US-NY,New York,10011
107.170.80.0/20,US,US-NY,New York,10011
107.170.96.0/20,US,US-NY,New York,10011
107.170.112.0/20,US,US-NY,New York,10011
107.170.128.0/19,US,US-NY,New York,10011
107.170.160.0/19,US,US-NY,New York,10011
107.170.192.0/20,US,US-SF,San Francisco,94124
107.170.208.0/20,US,US-SF,San Francisco,94124
107.170.224.0/24,US,US-SF,San Francisco,94124
107.170.225.0/24,US,US-SF,San Francisco,94124
107.170.226.0/24,US,US-SF,San Francisco,94124
107.170.227.0/24,US,US-SF,San Francisco,94124
107.170.228.0/24,US,US-SF,San Francisco,94124
107.170.229.0/24,US,US-SF,San Francisco,94124
107.170.230.0/24,US,US-SF,San Francisco,94124
107.170.231.0/24,US,US-SF,San Francisco,94124
107.170.232.0/24,US,US-SF,San Francisco,94124
107.170.233.0/24,US,US-SF,San Francisco,94124
107.170.234.0/24,US,US-SF,San Francisco,94124
107.170.235.0/24,US,US-SF,San Francisco,94124
107.170.236.0/24,US,US-SF,San Francisco,94124
107.170.237.0/24,US,US-SF,San Francisco,94124
107.170.238.0/24,US,US-SF,San Francisco,94124
107.170.239.0/24,US,US-SF,San Francisco,94124
107.170.240.0/24,US,US-SF,San Francisco,94124
107.170.241.0/24,US,US-SF,San Francisco,94124
107.170.242.0/24,US,US-SF,San Francisco,94124
107.170.243.0/24,US,US-SF,San Francisco,94124
107.170.244.0/24,US,US-SF,San Francisco,94124
107.170.245.0/24,US,US-SF,San Francisco,94124
107.170.246.0/24,US,US-SF,San Francisco,94124
107.170.247.0/24,US,US-SF,San Francisco,94124
107.170.248.0/24,US,US-SF,San Francisco,94124
107.170.249.0/24,US,US-SF,San Francisco,94124
107.170.250.0/24,US,US-SF,San Francisco,94124
107.170.251.0/24,US,US-SF,San Francisco,94124
107.170.252.0/24,US,US-SF,San Francisco,94124
107.170.253.0/24,US,US-SF,San Francisco,94124
107.170.254.0/24,US,US-SF,San Francisco,94124
107.170.255.0/24,US,US-SF,San Francisco,94124
128.199.0.0/20,US,US-CA,Santa Clara,95054
128.199.16.0/20,IN,IN-KA,Bangalore,560100
128.199.32.0/19,NL,NL-NH,Amsterdam,1098 XH
128.199.64.0/18,SG,SG-05,Singapore,627753
128.199.128.0/18,SG,SG-05,Singapore,627753
128.199.192.0/18,SG,SG-05,Singapore,627753
134.122.0.0/20,US,US-NJ,Clifton,07014
134.122.16.0/20,US,US-NJ,North Bergen,07047
134.122.32.0/20,CA,CA-ON,Toronto,M5A 0B2
134.122.48.0/20,NL,NL-NH,Amsterdam,1098 XH
134.122.64.0/20,DE,DE-HE,Frankfurt,60341
134.122.80.0/20,DE,DE-HE,Frankfurt,60341
134.122.96.0/20,GB,GB-SLG,London,SL1 4AX
134.122.112.0/20,US,US-NJ,North Bergen,07047
134.209.0.0/20,US,US-CA,Santa Clara,95051
134.209.16.0/20,GB,GB-SLG,London,SL1 4AX
134.209.32.0/20,US,US-NJ,Clifton,07014
134.209.48.0/20,US,US-CA,Santa Clara,95051
134.209.64.0/20,US,US-NJ,North Bergen,07047
134.209.80.0/20,NL,NL-NH,Amsterdam,1098 XH
134.209.96.0/20,SG,SG-05,Singapore,627753
134.209.112.0/20,US,US-NJ,North Bergen,07047
134.209.128.0/22,US,US-NJ,North Bergen,07047
134.209.132.0/22,NL,NL-NH,Amsterdam,1098 XH
134.209.136.0/22,NL,NL-NH,Amsterdam,1098 XH
134.209.140.0/22,US,US-CA,Santa Clara,95051
134.209.144.0/20,IN,IN-KA,Bangalore,560100
134.209.160.0/20,US,US-NJ,Clifton,07014
134.209.176.0/20,GB,GB-SLG,London,SL1 4AX
134.209.192.0/20,NL,NL-NH,Amsterdam,1098 XH
134.209.208.0/20,US,US-NJ,North Bergen,07047
134.209.224.0/20,DE,DE-HE,Frankfurt,60341
134.209.240.0/20,DE,DE-HE,Frankfurt,60341
138.68.0.0/20,US,US-CA,Santa Clara,95051
138.68.16.0/20,US,US-CA,Santa Clara,95051
138.68.36.0/22,US,US-CA,Santa Clara,95051
138.68.40.0/21,US,US-CA,Santa Clara,95051
138.68.48.0/20,US,US-CA,Santa Clara,95051
138.68.64.0/20,DE,DE-HE,Frankfurt,60341
138.68.80.0/20,DE,DE-HE,Frankfurt,60341
138.68.96.0/20,DE,DE-HE,Frankfurt,60341
138.68.112.0/22,DE,DE-HE,Frankfurt,60341
138.68.116.0/22,GB,GB-SLG,London,SL1 4AX
138.68.120.0/23,NL,NL-NH,Amsterdam,1105 AT
138.68.122.0/23,NL,NL-NH,Amsterdam,1098 XH
138.68.124.0/22,DE,DE-HE,Frankfurt,60341
138.68.128.0/20,GB,GB-SLG,London,SL1 4AX
138.68.144.0/20,GB,GB-SLG,London,SL1 4AX
138.68.160.0/20,GB,GB-SLG,London,SL1 4AX
138.68.176.0/20,GB,GB-SLG,London,SL1 4AX
138.68.192.0/22,US,US-SF,San Francisco,94124
138.68.196.0/22,US,US-SF,San Francisco,94124
138.68.200.0/22,US,US-SF,San Francisco,94124
138.68.204.0/22,NL,NL-NH,Amsterdam,1105 AT
138.68.208.0/20,US,US-SF,San Francisco,94124
138.68.224.0/20,US,US-CA,Santa Clara,95051
138.68.240.0/20,US,US-CA,Santa Clara,95051
138.197.0.0/20,US,US-NJ,Clifton,07014
138.197.16.0/20,US,US-NJ,Clifton,07014
138.197.32.0/20,US,US-NJ,Clifton,07014
138.197.48.0/22,US,US-NJ,Clifton,07014
138.197.52.0/22,US,US-NJ,Clifton,07014
138.197.56.0/22,US,US-NJ,Clifton,07014
138.197.60.0/22,US,US-NJ,Clifton,07014
138.197.64.0/20,US,US-NJ,Clifton,07014
138.197.80.0/20,US,US-NJ,Clifton,07014
138.197.96.0/20,US,US-NJ,Clifton,07014
138.197.112.0/20,US,US-NJ,Clifton,07014
138.197.128.0/20,CA,CA-ON,Toronto,M5A 0B2
138.197.144.0/20,CA,CA-ON,Toronto,M5A 0B2
138.197.160.0/20,CA,CA-ON,Toronto,M5A 0B2
138.197.176.0/20,DE,DE-HE,Frankfurt,60341
138.197.192.0/20,US,US-CA,Santa Clara,95051
138.197.208.0/20,US,US-CA,Santa Clara,95051
138.197.224.0/22,US,US-NJ,North Bergen,07047
138.197.228.0/22,US,US-NJ,North Bergen,07047
138.197.232.0/22,US,US-CA,Santa Clara,95051
138.197.236.0/22,US,US-CA,Santa Clara,95051
138.197.240.0/22,US,US-NY,New York,10011
138.197.252.0/22,US,US-NY,New York,10011
139.59.0.0/20,IN,IN-KA,Bangalore,560100
139.59.16.0/20,IN,IN-KA,Bangalore,560100
139.59.32.0/20,IN,IN-KA,Bangalore,560100
139.59.48.0/22,IN,IN-KA,Bangalore,560100
139.59.52.0/22,IN,IN-KA,Bangalore,560100
139.59.56.0/21,IN,IN-KA,Bangalore,560100
139.59.64.0/20,IN,IN-KA,Bangalore,560100
139.59.80.0/20,IN,IN-KA,Bangalore,560100
139.59.96.0/20,SG,SG-05,Singapore,627753
139.59.112.0/20,SG,SG-05,Singapore,627753
139.59.128.0/20,DE,DE-HE,Frankfurt,60341
139.59.144.0/20,DE,DE-HE,Frankfurt,60341
139.59.160.0/20,GB,GB-SLG,London,SL1 4AX
139.59.176.0/20,GB,GB-SLG,London,SL1 4AX
139.59.192.0/22,SG,SG-05,Singapore,627753
139.59.196.0/22,GB,GB-SLG,London,SL1 4AX
139.59.200.0/22,GB,GB-SLG,London,SL1 4AX
139.59.204.0/22,DE,DE-HE,Frankfurt,60341
139.59.208.0/21,DE,DE-HE,Frankfurt,60341
139.59.216.0/22,SG,SG-05,Singapore,627753
139.59.220.0/22,SG,SG-05,Singapore,627753
139.59.224.0/20,SG,SG-05,Singapore,627753
139.59.240.0/20,SG,SG-05,Singapore,627753
141.0.169.0/24,NL,NL-NH,Amsterdam,1105 AT
141.0.170.0/24,NL,NL-NH,Amsterdam,1105 AT
142.93.0.0/20,US,US-NJ,North Bergen,07047
142.93.16.0/20,US,US-CA,Santa Clara,95051
142.93.32.0/20,GB,GB-SLG,London,SL1 4AX
142.93.48.0/20,US,US-NJ,North Bergen,07047
142.93.64.0/20,US,US-NJ,Clifton,07014
142.93.80.0/20,US,US-CA,Santa Clara,95051
142.93.96.0/20,DE,DE-HE,Frankfurt,60341
142.93.112.0/20,US,US-NJ,North Bergen,07047
142.93.128.0/20,NL,NL-NH,Amsterdam,1098 XH
142.93.144.0/20,CA,CA-ON,Toronto,M5A 0B2
142.93.160.0/20,DE,DE-HE,Frankfurt,60341
142.93.176.0/20,US,US-NJ,Clifton,07014
142.93.192.0/20,US,US-NJ,North Bergen,07047
142.93.208.0/20,IN,IN-KA,Bangalore,560100
142.93.224.0/20,NL,NL-NH,Amsterdam,1098 XH
142.93.240.0/20,US,US-NJ,North Bergen,07047
143.110.128.0/20,US,US-CA,Santa Clara,95051
143.110.144.0/20,US,US-CA,Santa Clara,95054
143.110.160.0/20,GB,GB-SLG,London,SL1 4AX
143.110.176.0/20,IN,IN-KA,Bangalore,560100
143.110.192.0/20,US,US-CA,Santa Clara,95051
143.110.208.0/20,CA,CA-ON,Toronto,M5A 0B2
143.110.224.0/20,US,US-CA,Santa Clara,95054
143.110.240.0/20,IN,IN-KA,Bangalore,560100
143.198.0.0/20,US,US-NJ,Clifton,07014
143.198.16.0/20,US,US-NJ,Clifton,07014
143.198.32.0/20,CA,CA-ON,Toronto,M5A 0B2
143.198.48.0/20,US,US-CA,Santa Clara,95054
143.198.64.0/20,US,US-CA,Santa Clara,95054
143.198.80.0/20,SG,SG-05,Singapore,627753
143.198.96.0/20,US,US-CA,Santa Clara,95054
143.198.112.0/20,US,US-NJ,North Bergen,07047
143.198.128.0/20,US,US-CA,Santa Clara,95054
143.198.144.0/20,US,US-CA,Santa Clara,95054
143.198.160.0/20,US,US-NJ,North Bergen,07047
143.198.192.0/20,SG,SG-05,Singapore,627753
143.198.208.0/20,SG,SG-05,Singapore,627753
143.198.224.0/20,US,US-CA,Santa Clara,95054
143.198.240.0/22,GB,GB-SLG,London,SL1 4AX
143.198.244.0/22,US,US-CA,Santa Clara,95054
143.198.248.0/22,NL,NL-NH,Amsterdam,1098 XH
143.244.128.0/20,IN,IN-KA,Bangalore,560100
143.244.144.0/20,US,US-NJ,North Bergen,07047
143.244.160.0/20,US,US-NJ,North Bergen,07047
143.244.176.0/20,US,US-CA,Santa Clara,95054
143.244.200.0/22,US,US-NJ,North Bergen,07047
143.244.204.0/22,DE,DE-HE,Frankfurt,60341
143.244.208.0/22,US,US-CA,Santa Clara,95054
143.244.212.0/22,US,US-NJ,North Bergen,07047
143.244.218.0/24,NL,NL-NH,Amsterdam,1105 AT
143.244.220.0/22,US,US-NJ,Clifton,07014
144.126.192.0/20,GB,GB-SLG,London,SL1 4AX
144.126.208.0/20,US,US-CA,Santa Clara,95054
144.126.224.0/20,GB,GB-SLG,London,SL1 4AX
144.126.240.0/22,SG,SG-05,Singapore,627753
144.126.244.0/22,DE,DE-HE,Frankfurt,60341
144.126.248.0/22,US,US-NJ,Clifton,07014
144.126.252.0/22,IN,IN-KA,Bangalore,560100
146.185.128.0/24,NL,NL-NH,Amsterdam,1105 AT
146.185.129.0/24,NL,NL-NH,Amsterdam,1105 AT
146.185.130.0/24,NL,NL-NH,Amsterdam,1105 AT
146.185.131.0/24,NL,NL-NH,Amsterdam,1105 AT
146.185.132.0/24,NL,NL-NH,Amsterdam,1105 AT
146.185.133.0/24,NL,NL-NH,Amsterdam,1105 AT
146.185.134.0/24,NL,NL-NH,Amsterdam,1105 AT
146.185.135.0/24,NL,NL-NH,Amsterdam,1105 AT
146.185.136.0/24,NL,NL-NH,Amsterdam,1105 AT
146.185.137.0/24,NL,NL-NH,Amsterdam,1105 AT
146.185.138.0/24,NL,NL-NH,Amsterdam,1105 AT
146.185.139.0/24,NL,NL-NH,Amsterdam,1105 AT
146.185.140.0/24,NL,NL-NH,Amsterdam,1105 AT
146.185.141.0/24,NL,NL-NH,Amsterdam,1105 AT
146.185.142.0/24,NL,NL-NH,Amsterdam,1105 AT
146.185.143.0/24,NL,NL-NH,Amsterdam,1105 AT
146.185.144.0/24,NL,NL-NH,Amsterdam,1105 AT
146.185.145.0/24,NL,NL-NH,Amsterdam,1105 AT
146.185.146.0/24,NL,NL-NH,Amsterdam,1105 AT
146.185.147.0/24,NL,NL-NH,Amsterdam,1105 AT
146.185.148.0/24,NL,NL-NH,Amsterdam,1105 AT
146.185.149.0/24,NL,NL-NH,Amsterdam,1105 AT
146.185.150.0/24,NL,NL-NH,Amsterdam,1105 AT
146.185.151.0/24,NL,NL-NH,Amsterdam,1105 AT
146.185.152.0/24,NL,NL-NH,Amsterdam,1105 AT
146.185.153.0/24,NL,NL-NH,Amsterdam,1105 AT
146.185.154.0/24,NL,NL-NH,Amsterdam,1105 AT
146.185.155.0/24,NL,NL-NH,Amsterdam,1105 AT
146.185.156.0/24,NL,NL-NH,Amsterdam,1105 AT
146.185.157.0/24,NL,NL-NH,Amsterdam,1105 AT
146.185.158.0/24,NL,NL-NH,Amsterdam,1105 AT
146.185.159.0/24,NL,NL-NH,Amsterdam,1105 AT
146.185.160.0/24,NL,NL-NH,Amsterdam,1105 AT
146.185.161.0/24,NL,NL-NH,Amsterdam,1105 AT
146.185.162.0/24,NL,NL-NH,Amsterdam,1105 AT
146.185.163.0/24,NL,NL-NH,Amsterdam,1105 AT
146.185.164.0/24,NL,NL-NH,Amsterdam,1105 AT
146.185.165.0/24,NL,NL-NH,Amsterdam,1105 AT
146.185.166.0/24,NL,NL-NH,Amsterdam,1105 AT
146.185.167.0/24,NL,NL-NH,Amsterdam,1105 AT
146.185.168.0/24,NL,NL-NH,Amsterdam,1105 AT
146.185.169.0/24,NL,NL-NH,Amsterdam,1105 AT
146.185.170.0/24,NL,NL-NH,Amsterdam,1105 AT
146.185.171.0/24,NL,NL-NH,Amsterdam,1105 AT
146.185.172.0/24,NL,NL-NH,Amsterdam,1105 AT
146.185.173.0/24,NL,NL-NH,Amsterdam,1105 AT
146.185.174.0/24,NL,NL-NH,Amsterdam,1105 AT
146.185.175.0/24,NL,NL-NH,Amsterdam,1105 AT
146.185.176.0/24,NL,NL-NH,Amsterdam,1105 AT
146.185.177.0/24,NL,NL-NH,Amsterdam,1105 AT
146.185.178.0/24,NL,NL-NH,Amsterdam,1105 AT
146.185.179.0/24,NL,NL-NH,Amsterdam,1105 AT
146.185.180.0/24,NL,NL-NH,Amsterdam,1105 AT
146.185.181.0/24,NL,NL-NH,Amsterdam,1105 AT
146.185.182.0/24,NL,NL-NH,Amsterdam,1105 AT
146.185.183.0/24,NL,NL-NH,Amsterdam,1105 AT
146.185.184.0/21,NL,NL-NH,Amsterdam,1105 AT
147.182.128.0/20,US,US-NJ,North Bergen,07047
147.182.144.0/20,CA,CA-ON,Toronto,M5A 0B2
147.182.160.0/20,US,US-NJ,North Bergen,07047
147.182.176.0/20,US,US-NJ,North Bergen,07047
157.230.0.0/20,US,US-NJ,North Bergen,07047
157.230.16.0/20,DE,DE-HE,Frankfurt,60341
157.230.32.0/20,SG,SG-05,Singapore,627753
157.230.48.0/20,US,US-NJ,North Bergen,07047
157.230.64.0/22,US,US-NJ,North Bergen,07047
157.230.68.0/22,CA,CA-ON,Toronto,M5A 0B2
157.230.72.0/22,US,US-CA,Santa Clara,95051
157.230.76.0/22,DE,DE-HE,Frankfurt,60341
157.230.80.0/20,US,US-NJ,North Bergen,07047
157.230.96.0/20,DE,DE-HE,Frankfurt,60341
157.230.112.0/20,DE,DE-HE,Frankfurt,60341
157.230.128.0/20,US,US-CA,Santa Clara,95051
157.230.144.0/20,US,US-CA,Santa Clara,95051
157.230.160.0/20,US,US-CA,Santa Clara,95051
157.230.176.0/20,US,US-NJ,North Bergen,07047
157.230.192.0/22,SG,SG-05,Singapore,627753
157.230.196.0/22,US,US-CA,Santa Clara,95051
157.230.200.0/22,US,US-NJ,North Bergen,07047
157.230.204.0/22,US,US-CA,Santa Clara,95051
157.230.208.0/20,US,US-NJ,North Bergen,07047
157.230.224.0/20,US,US-NJ,North Bergen,07047
157.230.240.0/20,SG,SG-05,Singapore,627753
157.245.0.0/20,US,US-NJ,Clifton,07014
157.245.16.0/22,DE,DE-HE,Frankfurt,60341
157.245.20.0/22,DE,DE-HE,Frankfurt,60341
157.245.24.0/22,DE,DE-HE,Frankfurt,60341
157.245.28.0/22,GB,GB-SLG,London,SL1 4AX
157.245.32.0/20,GB,GB-SLG,London,SL1 4AX
157.245.48.0/20,SG,SG-05,Singapore,627753
157.245.64.0/20,NL,NL-NH,Amsterdam,1098 XH
157.245.80.0/20,US,US-NJ,North Bergen,07047
157.245.96.0/20,IN,IN-KA,Bangalore,560100
157.245.112.0/20,US,US-NJ,Clifton,07014
157.245.128.0/20,US,US-NJ,North Bergen,07047
157.245.144.0/20,SG,SG-05,Singapore,627753
157.245.160.0/20,US,US-CA,Santa Clara,95051
157.245.176.0/20,US,US-CA,Santa Clara,95051
157.245.192.0/20,SG,SG-05,Singapore,627753
157.245.208.0/20,US,US-NJ,Clifton,07014
157.245.224.0/20,US,US-CA,Santa Clara,95051
157.245.240.0/20,US,US-NJ,North Bergen,07047
159.65.0.0/20,SG,SG-05,Singapore,627753
159.65.16.0/20,GB,GB-SLG,London,SL1 4AX
159.65.32.0/20,US,US-NJ,Clifton,07014
159.65.48.0/20,GB,GB-SLG,London,SL1 4AX
159.65.64.0/20,US,US-CA,Santa Clara,95051
159.65.80.0/20,GB,GB-SLG,London,SL1 4AX
159.65.96.0/20,US,US-CA,Santa Clara,95051
159.65.112.0/20,DE,DE-HE,Frankfurt,60341
159.65.128.0/20,SG,SG-05,Singapore,627753
159.65.144.0/20,IN,IN-KA,Bangalore,560100
159.65.160.0/20,US,US-NJ,Clifton,07014
159.65.176.0/20,US,US-NJ,Clifton,07014
159.65.192.0/20,NL,NL-NH,Amsterdam,1098 XH
159.65.208.0/22,GB,GB-SLG,London,SL1 4AX
159.65.212.0/22,GB,GB-SLG,London,SL1 4AX
159.65.216.0/21,US,US-NJ,North Bergen,07047
159.65.224.0/20,US,US-NJ,North Bergen,07047
159.65.240.0/20,US,US-NJ,Clifton,07014
159.89.0.0/20,DE,DE-HE,Frankfurt,60341
159.89.16.0/20,DE,DE-HE,Frankfurt,60341
159.89.32.0/20,US,US-NJ,Clifton,07014
159.89.48.0/21,US,US-NJ,North Bergen,07047
159.89.64.0/20,US,US-NJ,North Bergen,07047
159.89.80.0/20,US,US-NJ,North Bergen,07047
159.89.96.0/20,DE,DE-HE,Frankfurt,60341
159.89.112.0/20,CA,CA-ON,Toronto,M5A 0B2
159.89.128.0/20,US,US-CA,Santa Clara,95051
159.89.144.0/20,US,US-CA,Santa Clara,95051
159.89.160.0/20,IN,IN-KA,Bangalore,560100
159.89.176.0/20,US,US-NJ,Clifton,07014
159.89.192.0/20,SG,SG-05,Singapore,627753
159.89.208.0/22,SG,SG-05,Singapore,627753
159.89.212.0/22,DE,DE-HE,Frankfurt,60341
159.89.216.0/22,US,US-NY,New York,10011
159.89.220.0/22,US,US-CA,Santa Clara,95051
159.89.224.0/20,US,US-NJ,North Bergen,07047
159.89.240.0/22,US,US-NJ,Clifton,07014
159.89.244.0/22,US,US-NJ,Clifton,07014
159.89.248.0/22,GB,GB-SLG,London,SL1 4AX
159.89.252.0/22,US,US-NJ,Clifton,07014
159.203.0.0/20,CA,CA-ON,Toronto,M5A 0B2
159.203.16.0/20,CA,CA-ON,Toronto,M5A 0B2
159.203.32.0/20,CA,CA-ON,Toronto,M5A 0B2
159.203.48.0/22,CA,CA-ON,Toronto,M5A 0B2
159.203.52.0/22,CA,CA-ON,Toronto,M5A 0B2
159.203.56.0/21,CA,CA-ON,Toronto,M5A 0B2
159.203.64.0/20,US,US-NJ,Clifton,07014
159.203.80.0/20,US,US-NJ,Clifton,07014
159.203.96.0/20,US,US-NJ,Clifton,07014
159.203.112.0/20,US,US-NJ,Clifton,07014
159.203.128.0/20,US,US-NJ,Clifton,07014
159.203.144.0/22,US,US-NJ,Clifton,07014
159.203.148.0/22,US,US-NJ,Clifton,07014
159.203.152.0/22,US,US-NY,New York,10011
159.203.156.0/22,US,US-NJ,North Bergen,07047
159.203.160.0/20,US,US-NJ,Clifton,07014
159.203.176.0/20,US,US-NJ,North Bergen,07047
159.203.192.0/20,US,US-SF,San Francisco,94124
159.203.208.0/20,US,US-SF,San Francisco,94124
159.203.224.0/20,US,US-SF,San Francisco,94124
159.203.240.0/20,US,US-SF,San Francisco,94124
161.35.0.0/20,US,US-NJ,North Bergen,07047
161.35.16.0/20,DE,DE-HE,Frankfurt,60341
161.35.32.0/20,GB,GB-SLG,London,SL1 4AX
161.35.48.0/20,US,US-NJ,North Bergen,07047
161.35.64.0/20,DE,DE-HE,Frankfurt,60341
161.35.80.0/20,NL,NL-NH,Amsterdam,1098 XH
161.35.96.0/20,US,US-NJ,North Bergen,07047
161.35.112.0/20,US,US-NJ,North Bergen,07047
161.35.128.0/20,US,US-NJ,Clifton,07014
161.35.144.0/20,NL,NL-NH,Amsterdam,1098 XH
161.35.160.0/20,GB,GB-SLG,London,SL1 4AX
161.35.176.0/20,US,US-NJ,Clifton,07014
161.35.192.0/20,DE,DE-HE,Frankfurt,60341
161.35.208.0/20,DE,DE-HE,Frankfurt,60341
161.35.224.0/20,US,US-CA,Santa Clara,95054
161.35.240.0/22,US,US-CA,Santa Clara,95051
161.35.244.0/22,NL,NL-NH,Amsterdam,1098 XH
161.35.248.0/22,US,US-NJ,Clifton,07014
161.35.252.0/22,US,US-NJ,North Bergen,07047
162.243.0.0/24,US,US-NY,New York,10011
162.243.1.0/24,US,US-NY,New York,10011
162.243.2.0/24,US,US-NY,New York,10011
162.243.3.0/24,US,US-NY,New York,10011
162.243.4.0/24,US,US-NY,New York,10011
162.243.5.0/24,US,US-NY,New York,10011
162.243.6.0/24,US,US-NY,New York,10011
162.243.7.0/24,US,US-NY,New York,10011
162.243.8.0/24,US,US-NY,New York,10011
162.243.9.0/24,US,US-NY,New York,10011
162.243.10.0/24,US,US-NY,New York,10011
162.243.11.0/24,US,US-NY,New York,10011
162.243.12.0/24,US,US-NY,New York,10011
162.243.13.0/24,US,US-NY,New York,10011
162.243.14.0/24,US,US-NY,New York,10011
162.243.15.0/24,US,US-NY,New York,10011
162.243.16.0/24,US,US-NY,New York,10011
162.243.17.0/24,US,US-NY,New York,10011
162.243.18.0/24,US,US-NY,New York,10011
162.243.19.0/24,US,US-NY,New York,10011
162.243.20.0/24,US,US-NY,New York,10011
162.243.21.0/24,US,US-NY,New York,10011
162.243.22.0/24,US,US-NY,New York,10011
162.243.23.0/24,US,US-NY,New York,10011
162.243.24.0/24,US,US-NY,New York,10011
162.243.25.0/24,US,US-NY,New York,10011
162.243.26.0/24,US,US-NY,New York,10011
162.243.27.0/24,US,US-NY,New York,10011
162.243.28.0/24,US,US-NY,New York,10011
162.243.29.0/24,US,US-NY,New York,10011
162.243.30.0/24,US,US-NY,New York,10011
162.243.31.0/24,US,US-NY,New York,10011
162.243.32.0/24,US,US-NY,New York,10011
162.243.33.0/24,US,US-NY,New York,10011
162.243.34.0/24,US,US-NY,New York,10011
162.243.35.0/24,US,US-NY,New York,10011
162.243.36.0/24,US,US-NY,New York,10011
162.243.37.0/24,US,US-NY,New York,10011
162.243.38.0/24,US,US-NY,New York,10011
162.243.39.0/24,US,US-NY,New York,10011
162.243.40.0/24,US,US-NY,New York,10011
162.243.41.0/24,US,US-NY,New York,10011
162.243.42.0/24,US,US-NY,New York,10011
162.243.43.0/24,US,US-NY,New York,10011
162.243.44.0/24,US,US-NY,New York,10011
162.243.45.0/24,US,US-NY,New York,10011
162.243.46.0/24,US,US-NY,New York,10011
162.243.47.0/24,US,US-NY,New York,10011
162.243.48.0/24,US,US-NY,New York,10011
162.243.49.0/24,US,US-NY,New York,10011
162.243.50.0/24,US,US-NY,New York,10011
162.243.51.0/24,US,US-NY,New York,10011
162.243.52.0/24,US,US-NY,New York,10011
162.243.53.0/24,US,US-NY,New York,10011
162.243.54.0/24,US,US-NY,New York,10011
162.243.55.0/24,US,US-NY,New York,10011
162.243.56.0/24,US,US-NY,New York,10011
162.243.57.0/24,US,US-NY,New York,10011
162.243.58.0/24,US,US-NY,New York,10011
162.243.59.0/24,US,US-NY,New York,10011
162.243.60.0/24,US,US-NY,New York,10011
162.243.61.0/24,US,US-NY,New York,10011
162.243.62.0/24,US,US-NY,New York,10011
162.243.63.0/24,US,US-NY,New York,10011
162.243.64.0/24,US,US-NY,New York,10011
162.243.65.0/24,US,US-NY,New York,10011
162.243.66.0/24,US,US-NY,New York,10011
162.243.67.0/24,US,US-NY,New York,10011
162.243.68.0/24,US,US-NY,New York,10011
162.243.69.0/24,US,US-NY,New York,10011
162.243.70.0/24,US,US-NY,New York,10011
162.243.71.0/24,US,US-NY,New York,10011
162.243.72.0/24,US,US-NY,New York,10011
162.243.73.0/24,US,US-NY,New York,10011
162.243.74.0/24,US,US-NY,New York,10011
162.243.75.0/24,US,US-NY,New York,10011
162.243.76.0/24,US,US-NY,New York,10011
162.243.77.0/24,US,US-NY,New York,10011
162.243.78.0/24,US,US-NY,New York,10011
162.243.79.0/24,US,US-NY,New York,10011
162.243.80.0/24,US,US-NY,New York,10011
162.243.81.0/24,US,US-NY,New York,10011
162.243.82.0/24,US,US-NY,New York,10011
162.243.83.0/24,US,US-NY,New York,10011
162.243.84.0/24,US,US-NY,New York,10011
162.243.85.0/24,US,US-NY,New York,10011
162.243.86.0/24,US,US-NY,New York,10011
162.243.87.0/24,US,US-NY,New York,10011
162.243.88.0/24,US,US-NY,New York,10011
162.243.89.0/24,US,US-NY,New York,10011
162.243.90.0/24,US,US-NY,New York,10011
162.243.91.0/24,US,US-NY,New York,10011
162.243.92.0/24,US,US-NY,New York,10011
162.243.93.0/24,US,US-NY,New York,10011
162.243.94.0/24,US,US-NY,New York,10011
162.243.95.0/24,US,US-NY,New York,10011
162.243.96.0/24,US,US-NY,New York,10011
162.243.97.0/24,US,US-NY,New York,10011
162.243.98.0/24,US,US-NY,New York,10011
162.243.99.0/24,US,US-NY,New York,10011
162.243.100.0/24,US,US-NY,New York,10011
162.243.101.0/24,US,US-NY,New York,10011
162.243.102.0/24,US,US-NY,New York,10011
162.243.103.0/24,US,US-NY,New York,10011
162.243.104.0/24,US,US-NY,New York,10011
162.243.105.0/24,US,US-NY,New York,10011
162.243.106.0/24,US,US-NY,New York,10011
162.243.107.0/24,US,US-NY,New York,10011
162.243.108.0/24,US,US-NY,New York,10011
162.243.109.0/24,US,US-NY,New York,10011
162.243.110.0/24,US,US-NY,New York,10011
162.243.111.0/24,US,US-NY,New York,10011
162.243.112.0/24,US,US-NY,New York,10011
162.243.113.0/24,US,US-NY,New York,10011
162.243.114.0/24,US,US-NY,New York,10011
162.243.115.0/24,US,US-NY,New York,10011
162.243.116.0/24,US,US-NY,New York,10011
162.243.117.0/24,US,US-NY,New York,10011
162.243.118.0/24,US,US-NY,New York,10011
162.243.119.0/24,US,US-NY,New York,10011
162.243.120.0/24,US,US-NY,New York,10011
162.243.121.0/24,US,US-NY,New York,10011
162.243.122.0/24,US,US-NY,New York,10011
162.243.123.0/24,US,US-NY,New York,10011
162.243.124.0/24,US,US-NY,New York,10011
162.243.125.0/24,US,US-NY,New York,10011
162.243.126.0/24,US,US-NY,New York,10011
162.243.127.0/24,US,US-NY,New York,10011
162.243.128.0/24,US,US-SF,San Francisco,94124
162.243.129.0/24,US,US-SF,San Francisco,94124
162.243.130.0/24,US,US-SF,San Francisco,94124
162.243.131.0/24,US,US-SF,San Francisco,94124
162.243.132.0/24,US,US-SF,San Francisco,94124
162.243.133.0/24,US,US-SF,San Francisco,94124
162.243.134.0/24,US,US-SF,San Francisco,94124
162.243.135.0/24,US,US-SF,San Francisco,94124
162.243.136.0/24,US,US-SF,San Francisco,94124
162.243.137.0/24,US,US-SF,San Francisco,94124
162.243.138.0/24,US,US-SF,San Francisco,94124
162.243.139.0/24,US,US-SF,San Francisco,94124
162.243.140.0/24,US,US-SF,San Francisco,94124
162.243.141.0/24,US,US-SF,San Francisco,94124
162.243.142.0/24,US,US-SF,San Francisco,94124
162.243.143.0/24,US,US-SF,San Francisco,94124
162.243.144.0/24,US,US-SF,San Francisco,94124
162.243.145.0/24,US,US-SF,San Francisco,94124
162.243.146.0/24,US,US-SF,San Francisco,94124
162.243.147.0/24,US,US-SF,San Francisco,94124
162.243.148.0/24,US,US-SF,San Francisco,94124
162.243.149.0/24,US,US-SF,San Francisco,94124
162.243.150.0/24,US,US-SF,San Francisco,94124
162.243.151.0/24,US,US-SF,San Francisco,94124
162.243.152.0/21,US,US-SF,San Francisco,94124
162.243.160.0/24,US,US-NJ,North Bergen,07047
162.243.161.0/24,US,US-NJ,North Bergen,07047
162.243.162.0/24,US,US-NJ,North Bergen,07047
162.243.163.0/24,US,US-NJ,North Bergen,07047
162.243.164.0/24,US,US-NJ,North Bergen,07047
162.243.165.0/24,US,US-NJ,North Bergen,07047
162.243.166.0/24,US,US-NJ,North Bergen,07047
162.243.167.0/24,US,US-NJ,North Bergen,07047
162.243.168.0/24,US,US-NJ,North Bergen,07047
162.243.169.0/24,US,US-NJ,North Bergen,07047
162.243.170.0/24,US,US-NJ,North Bergen,07047
162.243.171.0/24,US,US-NJ,North Bergen,07047
162.243.172.0/24,US,US-NJ,North Bergen,07047
162.243.173.0/24,US,US-NJ,North Bergen,07047
162.243.174.0/24,US,US-NJ,North Bergen,07047
162.243.175.0/24,US,US-NJ,North Bergen,07047
162.243.177.0/24,US,US-NJ,Clifton,07014
162.243.184.0/22,US,US-NJ,Clifton,07014
162.243.192.0/24,US,US-NY,New York,10011
162.243.193.0/24,US,US-NY,New York,10011
162.243.194.0/24,US,US-NY,New York,10011
162.243.195.0/24,US,US-NY,New York,10011
162.243.196.0/24,US,US-NY,New York,10011
162.243.197.0/24,US,US-NY,New York,10011
162.243.198.0/24,US,US-NY,New York,10011
162.243.199.0/24,US,US-NY,New York,10011
162.243.200.0/24,US,US-NY,New York,10011
162.243.201.0/24,US,US-NY,New York,10011
162.243.202.0/24,US,US-NY,New York,10011
162.243.203.0/24,US,US-NY,New York,10011
162.243.204.0/24,US,US-NY,New York,10011
162.243.205.0/24,US,US-NY,New York,10011
162.243.206.0/24,US,US-NY,New York,10011
162.243.207.0/24,US,US-NY,New York,10011
162.243.208.0/24,US,US-NY,New York,10011
162.243.209.0/24,US,US-NY,New York,10011
162.243.210.0/24,US,US-NY,New York,10011
162.243.211.0/24,US,US-NY,New York,10011
162.243.212.0/24,US,US-NY,New York,10011
162.243.213.0/24,US,US-NY,New York,10011
162.243.214.0/24,US,US-NY,New York,10011
162.243.215.0/24,US,US-NY,New York,10011
162.243.216.0/24,US,US-NY,New York,10011
162.243.217.0/24,US,US-NY,New York,10011
162.243.218.0/24,US,US-NY,New York,10011
162.243.219.0/24,US,US-NY,New York,10011
162.243.220.0/24,US,US-NY,New York,10011
162.243.221.0/24,US,US-NY,New York,10011
162.243.222.0/24,US,US-NY,New York,10011
162.243.223.0/24,US,US-NY,New York,10011
162.243.224.0/24,US,US-NY,New York,10011
162.243.225.0/24,US,US-NY,New York,10011
162.243.226.0/24,US,US-NY,New York,10011
162.243.227.0/24,US,US-NY,New York,10011
162.243.228.0/24,US,US-NY,New York,10011
162.243.229.0/24,US,US-NY,New York,10011
162.243.230.0/24,US,US-NY,New York,10011
162.243.231.0/24,US,US-NY,New York,10011
162.243.232.0/24,US,US-NY,New York,10011
162.243.233.0/24,US,US-NY,New York,10011
162.243.234.0/24,US,US-NY,New York,10011
162.243.235.0/24,US,US-NY,New York,10011
162.243.236.0/24,US,US-NY,New York,10011
162.243.237.0/24,US,US-NY,New York,10011
162.243.238.0/24,US,US-NY,New York,10011
162.243.239.0/24,US,US-NY,New York,10011
162.243.240.0/24,US,US-NY,New York,10011
162.243.241.0/24,US,US-NY,New York,10011
162.243.242.0/24,US,US-NY,New York,10011
162.243.243.0/24,US,US-NY,New York,10011
162.243.244.0/24,US,US-NY,New York,10011
162.243.245.0/24,US,US-NY,New York,10011
162.243.246.0/24,US,US-NY,New York,10011
162.243.247.0/24,US,US-NY,New York,10011
162.243.248.0/24,US,US-NY,New York,10011
162.243.249.0/24,US,US-NY,New York,10011
162.243.250.0/24,US,US-NY,New York,10011
162.243.251.0/24,US,US-NY,New York,10011
162.243.252.0/24,US,US-NY,New York,10011
162.243.253.0/24,US,US-NY,New York,10011
162.243.254.0/24,US,US-NY,New York,10011
162.243.255.0/24,US,US-NY,New York,10011
163.47.8.0/22,SG,SG-05,Singapore,627753
164.90.128.0/20,US,US-NJ,Clifton,07014
164.90.144.0/20,US,US-CA,Santa Clara,95054
164.90.160.0/20,DE,DE-HE,Frankfurt,60341
164.90.176.0/20,DE,DE-HE,Frankfurt,60341
164.90.192.0/20,NL,NL-NH,Amsterdam,1098 XH
164.90.208.0/20,DE,DE-HE,Frankfurt,60341
164.90.224.0/20,DE,DE-HE,Frankfurt,60341
164.90.240.0/22,DE,DE-HE,Frankfurt,60341
164.90.244.0/22,US,US-CA,Santa Clara,95054
164.90.252.0/22,US,US-NJ,North Bergen,07047
165.22.0.0/20,US,US-NJ,North Bergen,07047
165.22.16.0/20,DE,DE-HE,Frankfurt,60341
165.22.32.0/20,US,US-NJ,Clifton,07014
165.22.48.0/20,SG,SG-05,Singapore,627753
165.22.64.0/20,DE,DE-HE,Frankfurt,60341
165.22.80.0/20,DE,DE-HE,Frankfurt,60341
165.22.96.0/20,SG,SG-05,Singapore,627753
165.22.112.0/20,GB,GB-SLG,London,SL1 4AX
165.22.128.0/20,US,US-CA,Santa Clara,95051
165.22.144.0/20,US,US-CA,Santa Clara,95051
165.22.160.0/20,US,US-CA,Santa Clara,95051
165.22.176.0/20,US,US-NJ,North Bergen,07047
165.22.192.0/20,NL,NL-NH,Amsterdam,1098 XH
165.22.208.0/20,IN,IN-KA,Bangalore,560100
165.22.224.0/20,CA,CA-ON,Toronto,M5A 0B2
165.22.240.0/20,SG,SG-05,Singapore,627753
165.227.0.0/20,US,US-CA,Santa Clara,95051
165.227.16.0/20,US,US-CA,Santa Clara,95051
165.227.32.0/20,CA,CA-ON,Toronto,M5A 0B2
165.227.48.0/20,US,US-CA,Santa Clara,95051
165.227.64.0/20,US,US-NJ,Clifton,07014
165.227.80.0/20,US,US-NJ,North Bergen,07047
165.227.96.0/20,US,US-NJ,Clifton,07014
165.227.112.0/20,US,US-NJ,Clifton,07014
165.227.128.0/20,DE,DE-HE,Frankfurt,60341
165.227.144.0/20,DE,DE-HE,Frankfurt,60341
165.227.160.0/20,DE,DE-HE,Frankfurt,60341
165.227.176.0/20,US,US-NJ,Clifton,07014
165.227.192.0/20,US,US-NJ,North Bergen,07047
165.227.208.0/20,US,US-NJ,Clifton,07014
165.227.224.0/20,GB,GB-SLG,London,SL1 4AX
165.227.240.0/22,US,US-CA,Santa Clara,95051
165.227.244.0/22,DE,DE-HE,Frankfurt,60341
165.227.248.0/22,US,US-NJ,Clifton,07014
165.227.252.0/22,US,US-NJ,North Bergen,07047
165.232.32.0/20,GB,GB-SLG,London,SL1 4AX
165.232.48.0/20,US,US-CA,Santa Clara,95051
165.232.64.0/20,DE,DE-HE,Frankfurt,60341
165.232.80.0/20,NL,NL-NH,Amsterdam,1098 XH
165.232.96.0/20,GB,GB-SLG,London,SL1 4AX
165.232.112.0/20,DE,DE-HE,Frankfurt,60341
165.232.128.0/20,US,US-CA,Santa Clara,95054
165.232.144.0/20,US,US-CA,Santa Clara,95054
165.232.160.0/20,SG,SG-05,Singapore,627753
165.232.176.0/20,IN,IN-KA,Bangalore,560100
167.71.0.0/20,NL,NL-NH,Amsterdam,1098 XH
167.71.16.0/20,US,US-NJ,North Bergen,07047
167.71.32.0/20,DE,DE-HE,Frankfurt,60341
167.71.48.0/20,DE,DE-HE,Frankfurt,60341
167.71.64.0/20,NL,NL-NH,Amsterdam,1098 XH
167.71.80.0/20,US,US-NJ,Clifton,07014
167.71.96.0/20,US,US-NJ,Clifton,07014
167.71.112.0/20,US,US-CA,Santa Clara,95051
167.71.128.0/20,GB,GB-SLG,London,SL1 4AX
167.71.144.0/20,US,US-CA,Santa Clara,95051
167.71.160.0/20,US,US-NJ,Clifton,07014
167.71.176.0/20,US,US-NJ,Clifton,07014
167.71.192.0/20,SG,SG-05,Singapore,627753
167.71.208.0/20,SG,SG-05,Singapore,627753
167.71.224.0/20,IN,IN-KA,Bangalore,560100
167.71.240.0/20,US,US-NJ,Clifton,07014
167.99.0.0/20,US,US-NJ,North Bergen,07047
167.99.16.0/22,NL,NL-NH,Amsterdam,1098 XH
167.99.20.0/22,US,US-NJ,Clifton,07014
167.99.24.0/22,US,US-CA,Santa Clara,95051
167.99.28.0/22,SG,SG-05,Singapore,627753
167.99.32.0/20,NL,NL-NH,Amsterdam,1098 XH
167.99.48.0/20,US,US-NJ,Clifton,07014
167.99.64.0/20,SG,SG-05,Singapore,627753
167.99.80.0/20,GB,GB-SLG,London,SL1 4AX
167.99.96.0/20,US,US-CA,Santa Clara,95051
167.99.112.0/20,US,US-NJ,Clifton,07014
167.99.128.0/20,DE,DE-HE,Frankfurt,60341
167.99.144.0/20,US,US-NJ,North Bergen,07047
167.99.160.0/20,US,US-CA,Santa Clara,95051
167.99.176.0/20,CA,CA-ON,Toronto,M5A 0B2
167.99.192.0/20,GB,GB-SLG,London,SL1 4AX
167.99.208.0/20,NL,NL-NH,Amsterdam,1098 XH
167.99.224.0/20,US,US-NJ,North Bergen,07047
167.99.240.0/20,DE,DE-HE,Frankfurt,60341
167.172.0.0/22,US,US-NJ,North Bergen,07047
167.172.4.0/22,SG,SG-05,Singapore,627753
167.172.8.0/22,US,US-CA,Santa Clara,95051
167.172.12.0/22,US,US-NJ,North Bergen,07047
167.172.16.0/20,US,US-NJ,Clifton,07014
167.172.32.0/20,NL,NL-NH,Amsterdam,1098 XH
167.172.48.0/20,GB,GB-SLG,London,SL1 4AX
167.172.64.0/20,SG,SG-05,Singapore,627753
167.172.80.0/20,SG,SG-05,Singapore,627753
167.172.96.0/20,DE,DE-HE,Frankfurt,60341
167.172.112.0/20,US,US-CA,Santa Clara,95051
167.172.128.0/20,US,US-NJ,North Bergen,07047
167.172.144.0/20,US,US-NJ,North Bergen,07047
167.172.160.0/20,DE,DE-HE,Frankfurt,60341
167.172.176.0/20,DE,DE-HE,Frankfurt,60341
167.172.192.0/20,US,US-CA,Santa Clara,95051
167.172.208.0/20,US,US-CA,Santa Clara,95051
167.172.224.0/20,US,US-NJ,Clifton,07014
167.172.240.0/20,US,US-NJ,Clifton,07014
174.138.0.0/20,NL,NL-NH,Amsterdam,1098 XH
174.138.16.0/20,SG,SG-05,Singapore,627753
174.138.32.0/20,US,US-NJ,North Bergen,07047
174.138.48.0/20,US,US-NJ,Clifton,07014
174.138.64.0/20,US,US-NJ,Clifton,07014
174.138.80.0/20,US,US-NJ,Clifton,07014
174.138.96.0/22,NL,NL-NH,Amsterdam,1105 AT
174.138.100.0/22,DE,DE-HE,Frankfurt,60341
174.138.104.0/22,NL,NL-NH,Amsterdam,1098 XH
174.138.108.0/22,US,US-NJ,North Bergen,07047
174.138.112.0/22,CA,CA-ON,Toronto,M5A 0B2
174.138.116.0/22,US,US-NJ,Clifton,07014
174.138.120.0/22,IN,IN-KA,Bangalore,560100
174.138.124.0/22,US,US-NJ,North Bergen,07047
178.62.0.0/18,GB,GB-SLG,London,SL1 4AX
178.62.64.0/18,GB,GB-SLG,London,SL1 4AX
178.62.128.0/18,NL,NL-NH,Amsterdam,1105 AT
178.62.192.0/18,NL,NL-NH,Amsterdam,1098 XH
178.128.0.0/20,US,US-CA,Santa Clara,95051
178.128.16.0/20,SG,SG-05,Singapore,627753
178.128.32.0/20,GB,GB-SLG,London,SL1 4AX
178.128.48.0/20,SG,SG-05,Singapore,627753
178.128.64.0/20,US,US-CA,Santa Clara,95051
178.128.80.0/20,SG,SG-05,Singapore,627753
178.128.96.0/20,SG,SG-05,Singapore,627753
178.128.112.0/20,SG,SG-05,Singapore,627753
178.128.128.0/22,US,US-CA,Santa Clara,95051
178.128.132.0/22,US,US-NJ,North Bergen,07047
178.128.136.0/22,NL,NL-NH,Amsterdam,1098 XH
178.128.140.0/22,NL,NL-NH,Amsterdam,1098 XH
178.128.144.0/20,US,US-NJ,North Bergen,07047
178.128.160.0/20,GB,GB-SLG,London,SL1 4AX
178.128.176.0/20,US,US-CA,Santa Clara,95051
178.128.192.0/20,DE,DE-HE,Frankfurt,60341
178.128.208.0/20,SG,SG-05,Singapore,627753
178.128.224.0/20,CA,CA-ON,Toronto,M5A 0B2
178.128.240.0/20,NL,NL-NH,Amsterdam,1098 XH
185.14.184.0/24,NL,NL-NH,Amsterdam,1105 AT
185.14.185.0/24,NL,NL-NH,Amsterdam,1105 AT
185.14.186.0/24,NL,NL-NH,Amsterdam,1105 AT
185.14.187.0/24,NL,NL-NH,Amsterdam,1105 AT
188.166.0.0/18,NL,NL-NH,Amsterdam,1098 XH
188.166.64.0/18,NL,NL-NH,Amsterdam,1098 XH
188.166.128.0/22,NL,NL-NH,Amsterdam,1105 AT
188.166.132.0/22,NL,NL-NH,Amsterdam,1098 XH
188.166.136.0/22,GB,GB-SLG,London,SL1 4AX
188.166.140.0/22,NL,NL-NH,Amsterdam,1105 AT
188.166.144.0/20,GB,GB-SLG,London,SL1 4AX
188.166.160.0/21,DE,DE-HE,Frankfurt,60341
188.166.168.0/21,GB,GB-SLG,London,SL1 4AX
188.166.176.0/20,SG,SG-05,Singapore,627753
188.166.192.0/22,DE,DE-HE,Frankfurt,60341
188.166.196.0/22,SG,SG-05,Singapore,627753
188.166.200.0/22,NL,NL-NH,Amsterdam,1098 XH
188.166.204.0/22,SG,SG-05,Singapore,627753
188.166.208.0/20,SG,SG-05,Singapore,627753
188.166.224.0/20,SG,SG-05,Singapore,627753
188.166.240.0/20,SG,SG-05,Singapore,627753
188.226.128.0/24,NL,NL-NH,Amsterdam,1105 AT
188.226.129.0/24,NL,NL-NH,Amsterdam,1105 AT
188.226.130.0/24,NL,NL-NH,Amsterdam,1105 AT
188.226.131.0/24,NL,NL-NH,Amsterdam,1105 AT
188.226.132.0/24,NL,NL-NH,Amsterdam,1105 AT
188.226.133.0/24,NL,NL-NH,Amsterdam,1105 AT
188.226.134.0/24,NL,NL-NH,Amsterdam,1105 AT
188.226.135.0/24,NL,NL-NH,Amsterdam,1105 AT
188.226.136.0/24,NL,NL-NH,Amsterdam,1105 AT
188.226.137.0/24,NL,NL-NH,Amsterdam,1105 AT
188.226.138.0/24,NL,NL-NH,Amsterdam,1105 AT
188.226.139.0/24,NL,NL-NH,Amsterdam,1105 AT
188.226.140.0/24,NL,NL-NH,Amsterdam,1105 AT
188.226.141.0/24,NL,NL-NH,Amsterdam,1105 AT
188.226.142.0/24,NL,NL-NH,Amsterdam,1105 AT
188.226.143.0/24,NL,NL-NH,Amsterdam,1105 AT
188.226.144.0/24,NL,NL-NH,Amsterdam,1105 AT
188.226.145.0/24,NL,NL-NH,Amsterdam,1105 AT
188.226.146.0/24,NL,NL-NH,Amsterdam,1105 AT
188.226.147.0/24,NL,NL-NH,Amsterdam,1105 AT
188.226.148.0/24,NL,NL-NH,Amsterdam,1105 AT
188.226.149.0/24,NL,NL-NH,Amsterdam,1105 AT
188.226.150.0/24,NL,NL-NH,Amsterdam,1105 AT
188.226.151.0/24,NL,NL-NH,Amsterdam,1105 AT
188.226.152.0/24,NL,NL-NH,Amsterdam,1105 AT
188.226.153.0/24,NL,NL-NH,Amsterdam,1105 AT
188.226.154.0/24,NL,NL-NH,Amsterdam,1105 AT
188.226.155.0/24,NL,NL-NH,Amsterdam,1105 AT
188.226.156.0/24,NL,NL-NH,Amsterdam,1105 AT
188.226.157.0/24,NL,NL-NH,Amsterdam,1105 AT
188.226.158.0/24,NL,NL-NH,Amsterdam,1105 AT
188.226.159.0/24,NL,NL-NH,Amsterdam,1105 AT
188.226.160.0/24,NL,NL-NH,Amsterdam,1105 AT
188.226.161.0/24,NL,NL-NH,Amsterdam,1105 AT
188.226.162.0/24,NL,NL-NH,Amsterdam,1105 AT
188.226.163.0/24,NL,NL-NH,Amsterdam,1105 AT
188.226.164.0/24,NL,NL-NH,Amsterdam,1105 AT
188.226.165.0/24,NL,NL-NH,Amsterdam,1105 AT
188.226.166.0/24,NL,NL-NH,Amsterdam,1105 AT
188.226.167.0/24,NL,NL-NH,Amsterdam,1105 AT
188.226.168.0/24,NL,NL-NH,Amsterdam,1105 AT
188.226.169.0/24,NL,NL-NH,Amsterdam,1105 AT
188.226.170.0/24,NL,NL-NH,Amsterdam,1105 AT
188.226.171.0/24,NL,NL-NH,Amsterdam,1105 AT
188.226.172.0/24,NL,NL-NH,Amsterdam,1105 AT
188.226.173.0/24,NL,NL-NH,Amsterdam,1105 AT
188.226.174.0/24,NL,NL-NH,Amsterdam,1105 AT
188.226.175.0/24,NL,NL-NH,Amsterdam,1105 AT
188.226.176.0/24,NL,NL-NH,Amsterdam,1105 AT
188.226.177.0/24,NL,NL-NH,Amsterdam,1105 AT
188.226.178.0/24,NL,NL-NH,Amsterdam,1105 AT
188.226.179.0/24,NL,NL-NH,Amsterdam,1105 AT
188.226.180.0/24,NL,NL-NH,Amsterdam,1105 AT
188.226.181.0/24,NL,NL-NH,Amsterdam,1105 AT
188.226.182.0/24,NL,NL-NH,Amsterdam,1105 AT
188.226.183.0/24,NL,NL-NH,Amsterdam,1105 AT
188.226.184.0/24,NL,NL-NH,Amsterdam,1105 AT
188.226.185.0/24,NL,NL-NH,Amsterdam,1105 AT
188.226.186.0/24,NL,NL-NH,Amsterdam,1105 AT
188.226.187.0/24,NL,NL-NH,Amsterdam,1105 AT
188.226.188.0/24,NL,NL-NH,Amsterdam,1105 AT
188.226.189.0/24,NL,NL-NH,Amsterdam,1105 AT
188.226.190.0/24,NL,NL-NH,Amsterdam,1105 AT
188.226.191.0/24,NL,NL-NH,Amsterdam,1105 AT
188.226.192.0/20,NL,NL-NH,Amsterdam,1105 AT
188.226.208.0/20,NL,NL-NH,Amsterdam,1105 AT
188.226.224.0/20,NL,NL-NH,Amsterdam,1105 AT
188.226.240.0/20,NL,NL-NH,Amsterdam,1105 AT
192.34.56.0/24,US,US-NJ,North Bergen,07047
192.34.57.0/24,US,US-NJ,North Bergen,07047
192.34.58.0/24,US,US-NJ,North Bergen,07047
192.34.59.0/24,US,US-NJ,North Bergen,07047
192.34.60.0/24,US,US-NJ,North Bergen,07047
192.34.61.0/24,US,US-NJ,North Bergen,07047
192.34.62.0/24,US,US-NJ,North Bergen,07047
192.34.63.0/24,US,US-NJ,North Bergen,07047
192.81.208.0/24,US,US-NJ,North Bergen,07047
192.81.209.0/24,US,US-NJ,North Bergen,07047
192.81.210.0/24,US,US-NJ,North Bergen,07047
192.81.211.0/24,US,US-NJ,North Bergen,07047
192.81.212.0/24,US,US-NJ,North Bergen,07047
192.81.213.0/24,US,US-NJ,North Bergen,07047
192.81.214.0/24,US,US-NJ,North Bergen,07047
192.81.215.0/24,US,US-NJ,North Bergen,07047
192.81.216.0/24,US,US-NJ,North Bergen,07047
192.81.217.0/24,US,US-NJ,North Bergen,07047
192.81.218.0/24,US,US-NJ,North Bergen,07047
192.81.219.0/24,US,US-NJ,North Bergen,07047
192.81.220.0/24,NL,NL-NH,Amsterdam,1105 AT
192.81.221.0/24,NL,NL-NH,Amsterdam,1105 AT
192.81.222.0/24,NL,NL-NH,Amsterdam,1105 AT
192.81.223.0/24,NL,NL-NH,Amsterdam,1105 AT
192.241.128.0/24,US,US-NJ,North Bergen,07047
192.241.129.0/24,US,US-NJ,North Bergen,07047
192.241.130.0/24,US,US-NJ,North Bergen,07047
192.241.131.0/24,US,US-NJ,North Bergen,07047
192.241.132.0/24,US,US-NJ,North Bergen,07047
192.241.133.0/24,US,US-NJ,North Bergen,07047
192.241.134.0/24,US,US-NJ,North Bergen,07047
192.241.135.0/24,US,US-NJ,North Bergen,07047
192.241.136.0/24,US,US-NJ,North Bergen,07047
192.241.137.0/24,US,US-NJ,North Bergen,07047
192.241.138.0/24,US,US-NJ,North Bergen,07047
192.241.139.0/24,US,US-NJ,North Bergen,07047
192.241.140.0/24,US,US-NJ,North Bergen,07047
192.241.141.0/24,US,US-NJ,North Bergen,07047
192.241.142.0/24,US,US-NJ,North Bergen,07047
192.241.143.0/24,US,US-NJ,North Bergen,07047
192.241.144.0/24,US,US-NJ,North Bergen,07047
192.241.145.0/24,US,US-NJ,North Bergen,07047
192.241.146.0/24,US,US-NJ,North Bergen,07047
192.241.147.0/24,US,US-NJ,North Bergen,07047
192.241.148.0/24,US,US-NJ,North Bergen,07047
192.241.149.0/24,US,US-NJ,North Bergen,07047
192.241.150.0/24,US,US-NJ,North Bergen,07047
192.241.151.0/24,US,US-NJ,North Bergen,07047
192.241.152.0/24,US,US-NJ,North Bergen,07047
192.241.153.0/24,US,US-NJ,North Bergen,07047
192.241.154.0/24,US,US-NJ,North Bergen,07047
192.241.155.0/24,US,US-NJ,North Bergen,07047
192.241.156.0/24,US,US-NJ,North Bergen,07047
192.241.157.0/24,US,US-NJ,North Bergen,07047
192.241.158.0/24,US,US-NJ,North Bergen,07047
192.241.159.0/24,US,US-NJ,North Bergen,07047
192.241.160.0/24,US,US-NY,New York,10011
192.241.161.0/24,US,US-NY,New York,10011
192.241.162.0/24,US,US-NY,New York,10011
192.241.163.0/24,US,US-NY,New York,10011
192.241.165.0/24,US,US-NY,New York,10011
192.241.166.0/24,US,US-NY,New York,10011
192.241.167.0/24,US,US-NY,New York,10011
192.241.168.0/24,US,US-NY,New York,10011
192.241.169.0/24,US,US-NY,New York,10011
192.241.170.0/24,US,US-NY,New York,10011
192.241.171.0/24,US,US-NY,New York,10011
192.241.172.0/24,US,US-NY,New York,10011
192.241.173.0/24,US,US-NY,New York,10011
192.241.174.0/24,US,US-NY,New York,10011
192.241.175.0/24,US,US-NY,New York,10011
192.241.176.0/24,US,US-NY,New York,10011
192.241.177.0/24,US,US-NY,New York,10011
192.241.178.0/24,US,US-NY,New York,10011
192.241.179.0/24,US,US-NY,New York,10011
192.241.180.0/24,US,US-NY,New York,10011
192.241.181.0/24,US,US-NY,New York,10011
192.241.182.0/24,US,US-NY,New York,10011
192.241.183.0/24,US,US-NY,New York,10011
192.241.184.0/24,US,US-NY,New York,10011
192.241.185.0/24,US,US-NY,New York,10011
192.241.186.0/24,US,US-NY,New York,10011
192.241.187.0/24,US,US-NY,New York,10011
192.241.188.0/24,US,US-NY,New York,10011
192.241.189.0/24,US,US-NY,New York,10011
192.241.190.0/24,US,US-NY,New York,10011
192.241.191.0/24,US,US-NY,New York,10011
192.241.192.0/24,US,US-SF,San Francisco,94124
192.241.193.0/24,US,US-SF,San Francisco,94124
192.241.194.0/24,US,US-SF,San Francisco,94124
192.241.195.0/24,US,US-SF,San Francisco,94124
192.241.196.0/24,US,US-SF,San Francisco,94124
192.241.197.0/24,US,US-SF,San Francisco,94124
192.241.198.0/24,US,US-SF,San Francisco,94124
192.241.199.0/24,US,US-SF,San Francisco,94124
192.241.200.0/24,US,US-SF,San Francisco,94124
192.241.201.0/24,US,US-SF,San Francisco,94124
192.241.202.0/24,US,US-SF,San Francisco,94124
192.241.203.0/24,US,US-SF,San Francisco,94124
192.241.204.0/24,US,US-SF,San Francisco,94124
192.241.205.0/24,US,US-SF,San Francisco,94124
192.241.206.0/24,US,US-SF,San Francisco,94124
192.241.207.0/24,US,US-SF,San Francisco,94124
192.241.208.0/24,US,US-SF,San Francisco,94124
192.241.209.0/24,US,US-SF,San Francisco,94124
192.241.210.0/24,US,US-SF,San Francisco,94124
192.241.211.0/24,US,US-SF,San Francisco,94124
192.241.212.0/24,US,US-SF,San Francisco,94124
192.241.213.0/24,US,US-SF,San Francisco,94124
192.241.214.0/24,US,US-SF,San Francisco,94124
192.241.215.0/24,US,US-SF,San Francisco,94124
192.241.216.0/24,US,US-SF,San Francisco,94124
192.241.217.0/24,US,US-SF,San Francisco,94124
192.241.218.0/24,US,US-SF,San Francisco,94124
192.241.219.0/24,US,US-SF,San Francisco,94124
192.241.220.0/24,US,US-SF,San Francisco,94124
192.241.221.0/24,US,US-SF,San Francisco,94124
192.241.222.0/24,US,US-SF,San Francisco,94124
192.241.223.0/24,US,US-SF,San Francisco,94124
192.241.224.0/24,US,US-SF,San Francisco,94124
192.241.225.0/24,US,US-SF,San Francisco,94124
192.241.226.0/24,US,US-SF,San Francisco,94124
192.241.227.0/24,US,US-SF,San Francisco,94124
192.241.228.0/24,US,US-SF,San Francisco,94124
192.241.229.0/24,US,US-SF,San Francisco,94124
192.241.230.0/24,US,US-SF,San Francisco,94124
192.241.231.0/24,US,US-SF,San Francisco,94124
192.241.232.0/24,US,US-SF,San Francisco,94124
192.241.233.0/24,US,US-SF,San Francisco,94124
192.241.234.0/24,US,US-SF,San Francisco,94124
192.241.235.0/24,US,US-SF,San Francisco,94124
192.241.236.0/24,US,US-SF,San Francisco,94124
192.241.237.0/24,US,US-SF,San Francisco,94124
192.241.238.0/24,US,US-SF,San Francisco,94124
192.241.239.0/24,US,US-SF,San Francisco,94124
192.241.240.0/24,US,US-NY,New York,10011
192.241.241.0/24,US,US-NY,New York,10011
192.241.242.0/24,US,US-NY,New York,10011
192.241.243.0/24,US,US-NY,New York,10011
192.241.244.0/24,US,US-NY,New York,10011
192.241.245.0/24,US,US-NY,New York,10011
192.241.246.0/24,US,US-NY,New York,10011
192.241.247.0/24,US,US-NY,New York,10011
192.241.248.0/24,US,US-NY,New York,10011
192.241.249.0/24,US,US-NY,New York,10011
192.241.250.0/24,US,US-NY,New York,10011
192.241.251.0/24,US,US-NY,New York,10011
192.241.252.0/24,US,US-NY,New York,10011
192.241.253.0/24,US,US-NY,New York,10011
192.241.254.0/24,US,US-NY,New York,10011
192.241.255.0/24,US,US-NY,New York,10011
198.199.64.0/24,US,US-NJ,North Bergen,07047
198.199.65.0/24,US,US-NJ,North Bergen,07047
198.199.66.0/24,US,US-NJ,North Bergen,07047
198.199.67.0/24,US,US-NJ,North Bergen,07047
198.199.68.0/24,US,US-NJ,North Bergen,07047
198.199.69.0/24,US,US-NJ,North Bergen,07047
198.199.70.0/24,US,US-NJ,North Bergen,07047
198.199.71.0/24,US,US-NJ,North Bergen,07047
198.199.72.0/24,US,US-NJ,North Bergen,07047
198.199.73.0/24,US,US-NJ,North Bergen,07047
198.199.74.0/24,US,US-NJ,North Bergen,07047
198.199.75.0/24,US,US-NJ,North Bergen,07047
198.199.76.0/24,US,US-NJ,North Bergen,07047
198.199.77.0/24,US,US-NJ,North Bergen,07047
198.199.78.0/24,US,US-NJ,North Bergen,07047
198.199.79.0/24,US,US-NJ,North Bergen,07047
198.199.80.0/24,US,US-NJ,North Bergen,07047
198.199.81.0/24,US,US-NJ,North Bergen,07047
198.199.82.0/24,US,US-NJ,North Bergen,07047
198.199.83.0/24,US,US-NJ,North Bergen,07047
198.199.84.0/24,US,US-NJ,North Bergen,07047
198.199.85.0/24,US,US-NJ,North Bergen,07047
198.199.86.0/24,US,US-NJ,North Bergen,07047
198.199.87.0/24,US,US-NJ,North Bergen,07047
198.199.88.0/24,US,US-NJ,North Bergen,07047
198.199.89.0/24,US,US-NJ,North Bergen,07047
198.199.90.0/24,US,US-NJ,North Bergen,07047
198.199.91.0/24,US,US-NJ,North Bergen,07047
198.199.92.0/24,US,US-SF,San Francisco,94124
198.199.93.0/24,US,US-SF,San Francisco,94124
198.199.94.0/24,US,US-SF,San Francisco,94124
198.199.95.0/24,US,US-SF,San Francisco,94124
198.199.96.0/24,US,US-SF,San Francisco,94124
198.199.97.0/24,US,US-SF,San Francisco,94124
198.199.98.0/24,US,US-SF,San Francisco,94124
198.199.100.0/24,US,US-SF,San Francisco,94124
198.199.101.0/24,US,US-SF,San Francisco,94124
198.199.102.0/24,US,US-SF,San Francisco,94124
198.199.103.0/24,US,US-SF,San Francisco,94124
198.199.104.0/24,US,US-SF,San Francisco,94124
198.199.105.0/24,US,US-SF,San Francisco,94124
198.199.106.0/24,US,US-SF,San Francisco,94124
198.199.107.0/24,US,US-SF,San Francisco,94124
198.199.108.0/24,US,US-SF,San Francisco,94124
198.199.109.0/24,US,US-SF,San Francisco,94124
198.199.110.0/24,US,US-SF,San Francisco,94124
198.199.111.0/24,US,US-SF,San Francisco,94124
198.199.112.0/24,US,US-SF,San Francisco,94124
198.199.113.0/24,US,US-SF,San Francisco,94124
198.199.114.0/24,US,US-SF,San Francisco,94124
198.199.115.0/24,US,US-SF,San Francisco,94124
198.199.116.0/24,US,US-SF,San Francisco,94124
198.199.117.0/24,US,US-SF,San Francisco,94124
198.199.118.0/24,US,US-SF,San Francisco,94124
198.199.119.0/24,US,US-SF,San Francisco,94124
198.199.120.0/24,US,US-NJ,North Bergen,07047
198.199.121.0/24,US,US-NJ,North Bergen,07047
198.199.122.0/24,US,US-NJ,North Bergen,07047
198.199.123.0/24,US,US-NJ,North Bergen,07047
198.199.124.0/24,NL,NL-NH,Amsterdam,1105 AT
198.199.125.0/24,NL,NL-NH,Amsterdam,1105 AT
198.199.126.0/24,NL,NL-NH,Amsterdam,1105 AT
198.199.127.0/24,NL,NL-NH,Amsterdam,1105 AT
198.211.96.0/24,US,US-NJ,North Bergen,07047
198.211.97.0/24,US,US-NJ,North Bergen,07047
198.211.98.0/24,US,US-NJ,North Bergen,07047
198.211.99.0/24,US,US-NJ,North Bergen,07047
198.211.100.0/24,US,US-NJ,North Bergen,07047
198.211.101.0/24,US,US-NJ,North Bergen,07047
198.211.102.0/24,US,US-NJ,North Bergen,07047
198.211.103.0/24,US,US-NJ,North Bergen,07047
198.211.104.0/24,US,US-NJ,North Bergen,07047
198.211.105.0/24,US,US-NJ,North Bergen,07047
198.211.106.0/24,US,US-NJ,North Bergen,07047
198.211.107.0/24,US,US-NJ,North Bergen,07047
198.211.108.0/24,US,US-NJ,North Bergen,07047
198.211.109.0/24,US,US-NJ,North Bergen,07047
198.211.110.0/24,US,US-NJ,North Bergen,07047
198.211.112.0/24,US,US-NJ,North Bergen,07047
198.211.113.0/24,US,US-NJ,North Bergen,07047
198.211.114.0/24,US,US-NJ,North Bergen,07047
198.211.115.0/24,US,US-NJ,North Bergen,07047
198.211.116.0/24,US,US-NJ,North Bergen,07047
198.211.117.0/24,US,US-NJ,North Bergen,07047
198.211.118.0/24,NL,NL-NH,Amsterdam,1105 AT
198.211.119.0/24,NL,NL-NH,Amsterdam,1105 AT
198.211.120.0/24,NL,NL-NH,Amsterdam,1105 AT
198.211.121.0/24,NL,NL-NH,Amsterdam,1105 AT
198.211.122.0/24,NL,NL-NH,Amsterdam,1105 AT
198.211.123.0/24,NL,NL-NH,Amsterdam,1105 AT
198.211.124.0/24,NL,NL-NH,Amsterdam,1105 AT
198.211.125.0/24,NL,NL-NH,Amsterdam,1105 AT
198.211.126.0/24,NL,NL-NH,Amsterdam,1105 AT
198.211.127.0/24,NL,NL-NH,Amsterdam,1105 AT
204.48.16.0/20,US,US-NJ,North Bergen,07047
206.81.0.0/20,US,US-NJ,North Bergen,07047
206.81.16.0/20,DE,DE-HE,Frankfurt,60341
206.189.0.0/20,NL,NL-NH,Amsterdam,1098 XH
206.189.16.0/20,GB,GB-SLG,London,SL1 4AX
206.189.32.0/20,SG,SG-05,Singapore,627753
206.189.48.0/20,DE,DE-HE,Frankfurt,60341
206.189.64.0/20,US,US-CA,Santa Clara,95051
206.189.80.0/20,SG,SG-05,Singapore,627753
206.189.96.0/20,NL,NL-NH,Amsterdam,1098 XH
206.189.112.0/20,GB,GB-SLG,London,SL1 4AX
206.189.128.0/20,IN,IN-KA,Bangalore,560100
206.189.144.0/20,SG,SG-05,Singapore,627753
206.189.160.0/20,US,US-CA,Santa Clara,95051
206.189.176.0/20,US,US-NJ,North Bergen,07047
206.189.192.0/20,US,US-NJ,North Bergen,07047
206.189.208.0/20,US,US-CA,Santa Clara,95051
206.189.224.0/20,US,US-NJ,North Bergen,07047
206.189.240.0/22,NL,NL-NH,Amsterdam,1098 XH
206.189.244.0/22,GB,GB-SLG,London,SL1 4AX
206.189.248.0/22,DE,DE-HE,Frankfurt,60341
206.189.252.0/22,US,US-NJ,North Bergen,07047
207.154.192.0/20,DE,DE-HE,Frankfurt,60341
207.154.208.0/20,DE,DE-HE,Frankfurt,60341
207.154.224.0/20,DE,DE-HE,Frankfurt,60341
207.154.240.0/20,DE,DE-HE,Frankfurt,60341
208.68.36.0/24,US,US-NJ,North Bergen,07047
208.68.37.0/24,US,US-NJ,North Bergen,07047
208.68.38.0/24,US,US-NJ,North Bergen,07047
208.68.39.0/24,US,US-NJ,North Bergen,07047
209.97.128.0/20,GB,GB-SLG,London,SL1 4AX
209.97.144.0/20,US,US-NJ,Clifton,07014
209.97.160.0/20,SG,SG-05,Singapore,627753
209.97.176.0/20,GB,GB-SLG,London,SL1 4AX
2400:6180:0:d0::/64,SG,SG-05,Singapore,627753
2400:6180:0:d1::/64,SG,SG-05,Singapore,627753
2400:6180:0:d2::/64,SG,SG-05,Singapore,627753
2400:6180:0:d3::/64,SG,SG-05,Singapore,627753
2400:6180:100::/40,IN,IN-KA,Bangalore,560100
2400:6180:100:d0::/64,IN,IN-KA,Bangalore,560100
2604:a880:0:1010::/64,US,US-NY,New York,10011
2604:a880:0:1011::/64,US,US-NY,New York,10011
2604:a880:0:1012::/64,US,US-NY,New York,10011
2604:a880:0:1013::/64,US,US-NY,New York,10011
2604:a880:0:1014::/64,US,US-NY,New York,10011
2604:a880:0:1015::/64,US,US-NY,New York,10011
2604:a880:0:1016::/64,US,US-NY,New York,10011
2604:a880:0:1017::/64,US,US-NY,New York,10011
2604:a880:0:1018::/64,US,US-NY,New York,10011
2604:a880:0:1019::/64,US,US-NY,New York,10011
2604:a880:0:1020::/64,US,US-NY,New York,10011
2604:a880:0:1021::/64,US,US-NY,New York,10011
2604:a880:0:1022::/64,US,US-NY,New York,10011
2604:a880:0:1023::/64,US,US-NY,New York,10011
2604:a880:0:1024::/64,US,US-NY,New York,10011
2604:a880:0:1025::/64,US,US-NY,New York,10011
2604:a880:0:1026::/64,US,US-NY,New York,10011
2604:a880:0:1027::/64,US,US-NY,New York,10011
2604:a880:0:1028::/64,US,US-NY,New York,10011
2604:a880:0:1029::/64,US,US-NY,New York,10011
2604:a880:0:2010::/64,US,US-NY,New York,10011
2604:a880:0:2011::/64,US,US-NY,New York,10011
2604:a880:0:2012::/64,US,US-NY,New York,10011
2604:a880:0:2013::/64,US,US-NY,New York,10011
2604:a880:0:2014::/64,US,US-NY,New York,10011
2604:a880:0:2015::/64,US,US-NY,New York,10011
2604:a880:0:2016::/64,US,US-NY,New York,10011
2604:a880:0:2017::/64,US,US-NY,New York,10011
2604:a880:0:2018::/64,US,US-NY,New York,10011
2604:a880:0:2019::/64,US,US-NY,New York,10011
2604:a880:0:2020::/64,US,US-NY,New York,10011
2604:a880:0:2021::/64,US,US-NY,New York,10011
2604:a880:0:2022::/64,US,US-NY,New York,10011
2604:a880:0:2023::/64,US,US-NY,New York,10011
2604:a880:0:2024::/64,US,US-NY,New York,10011
2604:a880:0:2025::/64,US,US-NY,New York,10011
2604:a880:0:2026::/64,US,US-NY,New York,10011
2604:a880:0:2027::/64,US,US-NY,New York,10011
2604:a880:0:2028::/64,US,US-NY,New York,10011
2604:a880:0:2029::/64,US,US-NY,New York,10011
2604:a880:1:20::/64,US,US-SF,San Francisco,94124
2604:a880:1:21::/64,US,US-SF,San Francisco,94124
2604:a880:1:22::/64,US,US-SF,San Francisco,94124
2604:a880:1:23::/64,US,US-SF,San Francisco,94124
2604:a880:1:24::/64,US,US-SF,San Francisco,94124
2604:a880:1:25::/64,US,US-SF,San Francisco,94124
2604:a880:1:26::/64,US,US-SF,San Francisco,94124
2604:a880:1:27::/64,US,US-SF,San Francisco,94124
2604:a880:1:28::/64,US,US-SF,San Francisco,94124
2604:a880:1:29::/64,US,US-SF,San Francisco,94124
2604:a880:1:30::/64,US,US-SF,San Francisco,94124
2604:a880:1:31::/64,US,US-SF,San Francisco,94124
2604:a880:1:32::/64,US,US-SF,San Francisco,94124
2604:a880:1:33::/64,US,US-SF,San Francisco,94124
2604:a880:1:34::/64,US,US-SF,San Francisco,94124
2604:a880:1:35::/64,US,US-SF,San Francisco,94124
2604:a880:1:36::/64,US,US-SF,San Francisco,94124
2604:a880:1:37::/64,US,US-SF,San Francisco,94124
2604:a880:1:38::/64,US,US-SF,San Francisco,94124
2604:a880:1:39::/64,US,US-SF,San Francisco,94124
2604:a880:1:40::/64,US,US-SF,San Francisco,94124
2604:a880:1:41::/64,US,US-SF,San Francisco,94124
2604:a880:1:42::/64,US,US-SF,San Francisco,94124
2604:a880:1:43::/64,US,US-SF,San Francisco,94124
2604:a880:1:44::/64,US,US-SF,San Francisco,94124
2604:a880:1:45::/64,US,US-SF,San Francisco,94124
2604:a880:1:46::/64,US,US-SF,San Francisco,94124
2604:a880:1:47::/64,US,US-SF,San Francisco,94124
2604:a880:1:48::/64,US,US-SF,San Francisco,94124
2604:a880:1:49::/64,US,US-SF,San Francisco,94124
2604:a880:2:d0::/64,US,US-CA,Santa Clara,95051
2604:a880:2:d1::/64,US,US-CA,Santa Clara,95051
2604:a880:4:1d0::/64,US,US-CA,Santa Clara,95054
2604:a880:400:d0::/64,US,US-NJ,North Bergen,07047
2604:a880:400:d1::/64,US,US-NJ,North Bergen,07047
2604:a880:800:10::/64,US,US-NJ,Clifton,07014
2604:a880:800:11::/64,US,US-NJ,Clifton,07014
2604:a880:800:12::/64,US,US-NJ,Clifton,07014
2604:a880:800:13::/64,US,US-NJ,Clifton,07014
2604:a880:800:14::/64,US,US-NJ,Clifton,07014
2604:a880:800:a1::/64,US,US-NJ,Clifton,07014
2604:a880:800:c1::/64,US,US-NJ,Clifton,07014
2604:a880:cad:d0::/64,CA,CA-ON,Toronto,M5A 0B2
2a03:b0c0:0:108::/64,NL,NL-NH,Amsterdam,1105 AT
2a03:b0c0:0:126::/64,NL,NL-NH,Amsterdam,1105 AT
2a03:b0c0:0:127::/64,NL,NL-NH,Amsterdam,1105 AT
2a03:b0c0:0:128::/64,NL,NL-NH,Amsterdam,1105 AT
2a03:b0c0:0:129::/64,NL,NL-NH,Amsterdam,1105 AT
2a03:b0c0:0:130::/64,NL,NL-NH,Amsterdam,1105 AT
2a03:b0c0:0:131::/64,NL,NL-NH,Amsterdam,1105 AT
2a03:b0c0:0:132::/64,NL,NL-NH,Amsterdam,1105 AT
2a03:b0c0:0:133::/64,NL,NL-NH,Amsterdam,1105 AT
2a03:b0c0:0:134::/64,NL,NL-NH,Amsterdam,1105 AT
2a03:b0c0:0:135::/64,NL,NL-NH,Amsterdam,1105 AT
2a03:b0c0:0:136::/64,NL,NL-NH,Amsterdam,1105 AT
2a03:b0c0:0:137::/64,NL,NL-NH,Amsterdam,1105 AT
2a03:b0c0:0:138::/64,NL,NL-NH,Amsterdam,1105 AT
2a03:b0c0:0:139::/64,NL,NL-NH,Amsterdam,1105 AT
2a03:b0c0:0:140::/64,NL,NL-NH,Amsterdam,1105 AT
2a03:b0c0:0:141::/64,NL,NL-NH,Amsterdam,1105 AT
2a03:b0c0:0:142::/64,NL,NL-NH,Amsterdam,1105 AT
2a03:b0c0:0:143::/64,NL,NL-NH,Amsterdam,1105 AT
2a03:b0c0:0:144::/64,NL,NL-NH,Amsterdam,1105 AT
2a03:b0c0:0:145::/64,NL,NL-NH,Amsterdam,1105 AT
2a03:b0c0:0:146::/64,NL,NL-NH,Amsterdam,1105 AT
2a03:b0c0:0:147::/64,NL,NL-NH,Amsterdam,1105 AT
2a03:b0c0:0:148::/64,NL,NL-NH,Amsterdam,1105 AT
2a03:b0c0:0:149::/64,NL,NL-NH,Amsterdam,1105 AT
2a03:b0c0:0:150::/64,NL,NL-NH,Amsterdam,1105 AT
2a03:b0c0:0:151::/64,NL,NL-NH,Amsterdam,1105 AT
2a03:b0c0:0:152::/64,NL,NL-NH,Amsterdam,1105 AT
2a03:b0c0:0:153::/64,NL,NL-NH,Amsterdam,1105 AT
2a03:b0c0:0:154::/64,NL,NL-NH,Amsterdam,1105 AT
2a03:b0c0:0:155::/64,NL,NL-NH,Amsterdam,1105 AT
2a03:b0c0:0:1010::/64,NL,NL-NH,Amsterdam,1105 AT
2a03:b0c0:0:1011::/64,NL,NL-NH,Amsterdam,1105 AT
2a03:b0c0:0:1012::/64,NL,NL-NH,Amsterdam,1105 AT
2a03:b0c0:0:1013::/64,NL,NL-NH,Amsterdam,1105 AT
2a03:b0c0:0:1014::/64,NL,NL-NH,Amsterdam,1105 AT
2a03:b0c0:0:1015::/64,NL,NL-NH,Amsterdam,1105 AT
2a03:b0c0:0:1016::/64,NL,NL-NH,Amsterdam,1105 AT
2a03:b0c0:0:1017::/64,NL,NL-NH,Amsterdam,1105 AT
2a03:b0c0:0:1018::/64,NL,NL-NH,Amsterdam,1105 AT
2a03:b0c0:0:1019::/64,NL,NL-NH,Amsterdam,1105 AT
2a03:b0c0:0:1020::/64,NL,NL-NH,Amsterdam,1105 AT
2a03:b0c0:0:1021::/64,NL,NL-NH,Amsterdam,1105 AT
2a03:b0c0:0:1022::/64,NL,NL-NH,Amsterdam,1105 AT
2a03:b0c0:0:1023::/64,NL,NL-NH,Amsterdam,1105 AT
2a03:b0c0:0:1024::/64,NL,NL-NH,Amsterdam,1105 AT
2a03:b0c0:0:1025::/64,NL,NL-NH,Amsterdam,1105 AT
2a03:b0c0:0:1026::/64,NL,NL-NH,Amsterdam,1105 AT
2a03:b0c0:0:1027::/64,NL,NL-NH,Amsterdam,1105 AT
2a03:b0c0:0:1028::/64,NL,NL-NH,Amsterdam,1105 AT
2a03:b0c0:0:1029::/64,NL,NL-NH,Amsterdam,1105 AT
2a03:b0c0:0:1030::/64,NL,NL-NH,Amsterdam,1105 AT
2a03:b0c0:0:1031::/64,NL,NL-NH,Amsterdam,1105 AT
2a03:b0c0:0:1032::/64,NL,NL-NH,Amsterdam,1105 AT
2a03:b0c0:0:1033::/64,NL,NL-NH,Amsterdam,1105 AT
2a03:b0c0:0:1034::/64,NL,NL-NH,Amsterdam,1105 AT
2a03:b0c0:0:1035::/64,NL,NL-NH,Amsterdam,1105 AT
2a03:b0c0:0:1036::/64,NL,NL-NH,Amsterdam,1105 AT
2a03:b0c0:0:1037::/64,NL,NL-NH,Amsterdam,1105 AT
2a03:b0c0:0:1038::/64,NL,NL-NH,Amsterdam,1105 AT
2a03:b0c0:0:1039::/64,NL,NL-NH,Amsterdam,1105 AT
2a03:b0c0:0:1040::/64,NL,NL-NH,Amsterdam,1105 AT
2a03:b0c0:0:1041::/64,NL,NL-NH,Amsterdam,1105 AT
2a03:b0c0:0:1042::/64,NL,NL-NH,Amsterdam,1105 AT
2a03:b0c0:0:1043::/64,NL,NL-NH,Amsterdam,1105 AT
2a03:b0c0:0:1044::/64,NL,NL-NH,Amsterdam,1105 AT
2a03:b0c0:0:1045::/64,NL,NL-NH,Amsterdam,1105 AT
2a03:b0c0:0:1046::/64,NL,NL-NH,Amsterdam,1105 AT
2a03:b0c0:0:1047::/64,NL,NL-NH,Amsterdam,1105 AT
2a03:b0c0:0:1048::/64,NL,NL-NH,Amsterdam,1105 AT
2a03:b0c0:0:1049::/64,NL,NL-NH,Amsterdam,1105 AT
2a03:b0c0:0:1050::/64,NL,NL-NH,Amsterdam,1105 AT
2a03:b0c0:0:1051::/64,NL,NL-NH,Amsterdam,1105 AT
2a03:b0c0:1:a1::/64,GB,GB-SLG,London,SL1 4AX
2a03:b0c0:1:d0::/64,GB,GB-SLG,London,SL1 4AX
2a03:b0c0:1:e0::/64,GB,GB-SLG,London,SL1 4AX
2a03:b0c0:2:d0::/64,NL,NL-NH,Amsterdam,1098 XH
2a03:b0c0:2:f0::/64,NL,NL-NH,Amsterdam,1098 XH
2a03:b0c0:3:d0::/64,DE,DE-HE,Frankfurt,60341
2a03:b0c0:3:e0::/64,DE,DE-HE,Frankfurt,60341
2a03:b0c0:3:f0::/64,DE,DE-HE,Frankfurt,60341
